{
    "article_id": "7133785987141861383",
    "audit_status": 2,
    "brief_content": "\u53d1\u73b0\u5f53\u524d\u5b89\u88c5\u7684Werkzeug\u7248\u672c\u4e3a1.0.1\uff0c\u4e8e\u662f\u7ffb\u9605werkzeug\u7684\u5b98\u65b9\u6587\u6863 \u9996\u5148\u53d1\u73b0\u4e86\u8fd9\u6bb5\u8bdd\uff1a Some modules that already issued deprecation war",
    "category_id": "6809637769959178254",
    "collect_count": 0,
    "comment_count": 0,
    "content": "",
    "cover_image": "https://p1-juejin.byteimg.com/tos-cn-i-k3u1fbpfcp/a13ece70bceb4493a81743f812d707f5~tplv-k3u1fbpfcp-watermark.image?",
    "ctime": "1660963990",
    "digg_count": 0,
    "display_count": 0,
    "draft_id": "7133785046019899423",
    "hot_index": 7,
    "is_english": 0,
    "is_gfw": 0,
    "is_hot": 0,
    "is_markdown": 1,
    "is_original": 1,
    "link_url": "",
    "mark_content": "![](https://p3-juejin.byteimg.com/tos-cn-i-k3u1fbpfcp/1a779b9c1c404b31a71cdf5b2a3ce2ef~tplv-k3u1fbpfcp-zoom-1.image)\\\n![](https://p3-juejin.byteimg.com/tos-cn-i-k3u1fbpfcp/21652c08f8fd4afa8e0a8bc3f963e5e3~tplv-k3u1fbpfcp-zoom-1.image)\n\n\n\u53d1\u73b0\u5f53\u524d\u5b89\u88c5\u7684Werkzeug\u7248\u672c\u4e3a1.0.1\uff0c\u4e8e\u662f\u7ffb\u9605werkzeug\u7684\u5b98\u65b9\u6587\u6863\n\n\u9996\u5148\u53d1\u73b0\u4e86\u8fd9\u6bb5\u8bdd\uff1a\n\n> The contrib modules are deprecated and will either be moved into werkzeug core or removed completely in version 1.0.\nSome modules that already issued deprecation warnings have been removed.\nBe sure to run or test your code with python -W default::DeprecationWarning to catch any deprecated code you\u2019re using. (#4)\n\n\u610f\u601d\u662f\uff1a werkzeug.contrib\u5df2\u7ecf\u57281.0\u7248\u672c\u88ab\u79fb\u9664\u4e86\uff01\n\n```python\npip3 uninstall Werkzeug    # will uninstall earlier version\npip3 install Werkzeug==0.11.15  -i http://pypi.douban.com/simple --trusted-host pypi.douban.com \n```",
    "mtime": "1660966846",
    "original_author": "",
    "original_type": 0,
    "rank_index": 4.04586908,
    "rtime": "1660964240",
    "status": 2,
    "tag_ids": [
      6809640448827588608
    ],
    "title": "ModuleNotFoundError: No module named \u2018werkzeug.contrib\u2018 \u89e3\u51b3\u65b9\u6cd5",
    "user_id": "1390236459600743",
    "user_index": 5.717266903797437,
    "verify_status": 1,
    "view_count": 166,
    "visible_level": 0
  }