{
    "article_id": "7133785574062129183",
    "audit_status": 2,
    "brief_content": "\u643a\u624b\u521b\u4f5c\uff0c\u5171\u540c\u6210\u957f\uff01\u8fd9\u662f\u6211\u53c2\u4e0e\u300c\u6398\u91d1\u65e5\u65b0\u8ba1\u5212 \u00b7 8 \u6708\u66f4\u6587\u6311\u6218\u300d\u7684\u7b2c21\u5929\uff0c\u70b9\u51fb\u67e5\u770b\u6d3b\u52a8\u8be6\u60c5 initLifecycle \u751f\u547d\u5468\u671f\u521d\u59cb\u5316 \u5728 new Vue \u8fc7\u7a0b \u4e00\u8282\u4e2d\uff0c\u8bb2\u5230 Vue \u5b9e\u4f8b\u5728\u521d\u59cb\u5316",
    "category_id": "6809637767543259144",
    "collect_count": 0,
    "comment_count": 0,
    "content": "",
    "cover_image": "https://p3-juejin.byteimg.com/tos-cn-i-k3u1fbpfcp/7abcd7014cf24d22a5f38579cbacff44~tplv-k3u1fbpfcp-watermark.image?",
    "ctime": "1660963912",
    "digg_count": 2,
    "display_count": 0,
    "draft_id": "7132735287293116424",
    "hot_index": 10,
    "is_english": 0,
    "is_gfw": 0,
    "is_hot": 0,
    "is_markdown": 1,
    "is_original": 1,
    "link_url": "",
    "mark_content": "---\ntheme: scrolls-light\nhighlight: a11y-dark\n---\n\n\u643a\u624b\u521b\u4f5c\uff0c\u5171\u540c\u6210\u957f\uff01\u8fd9\u662f\u6211\u53c2\u4e0e\u300c\u6398\u91d1\u65e5\u65b0\u8ba1\u5212 \u00b7 8 \u6708\u66f4\u6587\u6311\u6218\u300d\u7684\u7b2c21\u5929\uff0c[\u70b9\u51fb\u67e5\u770b\u6d3b\u52a8\u8be6\u60c5](https://juejin.cn/post/7123120819437322247)\n\n## initLifecycle \u751f\u547d\u5468\u671f\u521d\u59cb\u5316\n\n\u5728 **new Vue \u8fc7\u7a0b** \u4e00\u8282\u4e2d\uff0c\u8bb2\u5230 Vue \u5b9e\u4f8b\u5728\u521d\u59cb\u5316\u7684\u65f6\u5019\u4f1a\u6267\u884c **_init()** \u65b9\u6cd5\u3002\u5176\u4e2d\u9996\u5148\u662f\u6267\u884c\u914d\u7f6e\u7684\u6807\u51c6\u5316\u4e0e\u914d\u7f6e\u5408\u5e76 **MergeOptions**\n\n\u5728\u914d\u7f6e\u5408\u5e76\u5b8c\u6210\u4e4b\u540e\uff0c\u5c31\u4f1a\u8c03\u7528 **initLifecycle(vm)** \u6765\u8fdb\u884c\u5b9e\u4f8b\u58f0\u660e\u5468\u671f\u7684\u521d\u59cb\u5316\u4e86\u3002\n\n**initLifecycle** \u65b9\u6cd5\u7684\u4ee3\u7801\u4e0e\u5b9a\u4e49 Vue \u6784\u9020\u51fd\u6570\u65f6\u5019\u4f7f\u7528\u7684 **lifecycleMixin** \u65b9\u6cd5\u5728\u540c\u4e00\u4e2a\u6587\u4ef6\u4e0b\uff0c\u4f4d\u4e8e src/core/instance/lifecycle.ts\n\n```typescript\nexport function initLifecycle(vm: Component) {\n  const options = vm.$options\n  \n  let parent = options.parent\n  if (parent && !options.abstract) {\n    while (parent.$options.abstract && parent.$parent) {\n      parent = parent.$parent\n    }\n    parent.$children.push(vm)\n  }\n\n  vm.$parent = parent\n  vm.$root = parent ? parent.$root : vm\n\n  vm.$children = []\n  vm.$refs = {}\n\n  vm._provided = parent ? parent._provided : Object.create(null)\n  vm._watcher = null\n  vm._inactive = null\n  vm._directInactive = false\n  vm._isMounted = false\n  vm._isDestroyed = false\n  vm._isBeingDestroyed = false\n}\n```\n\n> **vm.$options** \u5c31\u662f\u5408\u5e76\u540e\u7684\u5b8c\u6574\u914d\u7f6e\n\n**\u8fd9\u91cc\u6709\u4e00\u6bb5\u67e5\u627e parent \u5b9e\u4f8b\u7684\u4ee3\u7801**\n\n```typescript\nlet parent = options.parent\nif (parent && !options.abstract) {\n  while (parent.$options.abstract && parent.$parent) {\n    parent = parent.$parent\n  }\n  parent.$children.push(vm)\n}\nvm.$parent = parent\n```\n\n\u8fd9\u91cc\u7684\u6838\u5fc3\u903b\u8f91\u5c31\u662f\uff1a\u5982\u679c **\u5f53\u524d\u7684\u7ec4\u4ef6\u4e0d\u662f\u62bd\u8c61\u7ec4\u4ef6** \u5e76\u4e14 **\u5177\u6709\u7236\u7ea7\u7ec4\u4ef6\u914d\u7f6e**\uff0c\u5c31\u4ece **options** \u914d\u7f6e\u4e2d\u5411\u4e0a\u5c42\u67e5\u627e\uff0c\u76f4\u5230\u627e\u5230\u7b2c\u4e00\u4e2a **\u4e0d\u662f\u62bd\u8c61\u7ec4\u4ef6** \u7684\u5b9e\u4f8b\uff0c\u5728\u8be5\u5b9e\u4f8b\u7684 **$children** \u5b50\u5b9e\u4f8b\u6570\u7ec4\u4e2d\u63d2\u5165\u5f53\u524d\u5b9e\u4f8b\u3002\u5e76\u66f4\u65b0\u5f53\u524d\u5b9e\u4f8b\u7684\u7236\u5143\u7d20\u5b9e\u4f8b\u4e3a\u90a3\u4e2a\u975e\u62bd\u8c61\u5b9e\u4f8b\u3002\n\n**\u7136\u540e\u4f1a\u7ed1\u5b9a\u8fd9\u4e2a\u7ec4\u4ef6\u5173\u7cfb\u91cc\u9762\u7684\u6839\u7ec4\u4ef6** **root**\n\n```typescript\nvm.$root = parent ? parent.$root : vm\n```\n\n\u8fd9\u91cc\u5176\u5b9e\u4e5f\u597d\u7406\u89e3\u3002\u56e0\u4e3a\u7ec4\u4ef6\u7684\u5b9e\u4f8b\u5316\u8fc7\u7a0b\u662f\u4ece **\u6700\u5916\u5c42\u6a21\u677f\u5411\u5185\u89e3\u6790** \uff0c\u5f53\u5f00\u59cb\u5904\u7406\u5f53\u524d\u7684\u5b9e\u4f8b\u7684\u65f6\u5019\uff0c\u5982\u679c\u5b58\u5728\u7236\u7ea7\uff0c\u90a3\u4e48\u7236\u7ea7\u7ec4\u4ef6\u5b9e\u4f8b\u7ed1\u5b9a\u7684\u6839\u7ec4\u4ef6\u5b9e\u4f8b\u4e00\u5b9a\u4e5f\u662f\u5f53\u524d\u5b9e\u4f8b\u7684\u6839\u7ec4\u4ef6\u3002\u5982\u679c\u8fde\u7236\u7ec4\u4ef6\u5b9e\u4f8b\u90fd\u6ca1\u6709\u7684\u8bdd\uff0c\u90a3\u4e48\u5f53\u524d\u7ec4\u4ef6\u4e00\u5b9a\u662f\u5728\u6700\u5916\u5c42\uff0c\u6240\u4ee5\u5b83\u81ea\u5df1\u5c31\u662f\u6839\u7ec4\u4ef6\uff08\u8fd9\u91cc\u628a $root \u6307\u5411\u81ea\u8eab\uff0c\u4e5f\u662f\u4e3a\u4e86\u5b50\u7ec4\u4ef6\u5b9e\u4f8b\u80fd\u591f\u6b63\u786e\u7684\u83b7\u53d6\u5230\u6839\u7ec4\u4ef6\u5b9e\u4f8b\uff09\u3002\n\n**\u6700\u540e\uff0c\u5219\u662f\u521d\u59cb\u5316\u4e00\u4e9b\u7ec4\u4ef6\u6ce8\u5165\u6570\u636e\u3001\u76d1\u542c\u4f9d\u8d56\uff0c\u548c\u7ec4\u4ef6\u7684\u751f\u547d\u5468\u671f\u6807\u5fd7**\n\n```typescript\nvm.$children = [] // \u5b50\u7ec4\u4ef6\u5b9e\u4f8b\u6570\u7ec4\nvm.$refs = {} // refs \u7ed1\u5b9a\u6570\u636e\uff0c\u5305\u62ec dom \u5b9e\u4f8b\u548c\u7ec4\u4ef6\u5b9e\u4f8b\n\nvm._provided = parent ? parent._provided : Object.create(null) // \u4e0a\u5c42\u6ce8\u5165\u7684\u6570\u636e\nvm._watcher = null\nvm._inactive = null\nvm._directInactive = false\nvm._isMounted = false  // \u751f\u547d\u5468\u671f\u6807\u8bc6\nvm._isDestroyed = false\nvm._isBeingDestroyed = false\n```\n\n",
    "mtime": "1660964168",
    "original_author": "",
    "original_type": 0,
    "rank_index": 6.54216847,
    "rtime": "1660964167",
    "status": 2,
    "tag_ids": [
      6809640407484334080,
      6809640398105870336,
      6809640369764958208
    ],
    "title": "Vue 2 \u9605\u8bfb\u7406\u89e3\uff08\u5341\uff09\u4e4b \u751f\u547d\u5468\u671f\u521d\u59cb\u5316",
    "user_id": "747323639208391",
    "user_index": 10.789159033325634,
    "verify_status": 1,
    "view_count": 180,
    "visible_level": 0
  }