{
    "article_id": "7133599300919459871",
    "audit_status": 2,
    "brief_content": "react router \u5df2\u7ecf\u66f4\u65b0\u5230 v6 \u7248\u672c\uff0c\u672c\u6587\u901a\u8fc7\u65b0\u8001\u7248\u672c\u8def\u7531\u7684\u4f7f\u7528\u5bf9\u6bd4\uff0c\u65b0\u7248\u8def\u7531\u90e8\u5206\u6e90\u7801\u89e3\u6790\uff0c\u5e26\u4f60\u4e86\u89e3\u3001\u641e\u61c2 v6 \u7248\u672c\u8def\u7531\u7684\u5965\u79d8\u3002",
    "category_id": "6809637767543259144",
    "collect_count": 3,
    "comment_count": 8,
    "content": "",
    "cover_image": "https://p1-juejin.byteimg.com/tos-cn-i-k3u1fbpfcp/de1d9f77e99644f9b51c4eb00e806b6c~tplv-k3u1fbpfcp-watermark.image?",
    "ctime": "1660920532",
    "digg_count": 10,
    "display_count": 0,
    "draft_id": "7133597547293048868",
    "hot_index": 36,
    "is_english": 0,
    "is_gfw": 0,
    "is_hot": 0,
    "is_markdown": 1,
    "is_original": 1,
    "link_url": "",
    "mark_content": "### \u524d\u8a00\n\n\u6700\u8fd1\u516c\u53f8\u65b0\u8d77\u9879\u76ee\uff0c\u60f3\u8d77\u6765 react router \u5df2\u7ecf\u66f4\u65b0\u5230 v6 \u7248\u672c\uff0c\u4e8e\u662f\u4f7f\u7528\u4e86\u65b0\u7248\u672c\u7684\u8def\u7531\uff0c\u5728\u6b64\u8bb0\u5f55\u4e00\u4e0b\u4e0e\u4e4b\u524d\u7248\u672c\u7684\u533a\u522b\u4ee5\u53ca\u65b0\u7248\u672c\u7684\u5177\u4f53\u4f7f\u7528\u65b9\u6cd5\n\n### \u8001\u7248\u672c\u8def\u7531\u4f7f\u7528\n\n- BrowserRouter\uff1a\u901a\u8fc7 history \u5e93\uff0c\u4f20\u9012 history \u5bf9\u8c61\uff0clocation \u5bf9\u8c61\uff08\u4e00\u822c\u670d\u52a1\u7aef\u652f\u6301\u4e0d\u4f7f\u7528 HashRouter\uff09\n  - hash \u5730\u5740\u5c31\u662f\u6307 # \u53f7\u540e\u9762\u7684 url\n- Switch\uff1a\u5339\u914d\u552f\u4e00\u7684\u8def\u7531 Route\uff0c\u5c55\u793a\u6b63\u786e\u7684\u8def\u7531\u7ec4\u4ef6\n- Route\uff1a\u89c6\u56fe\u627f\u8f7d\u5bb9\u5668\uff0c\u63a7\u5236\u6e32\u67d3 UI \u7ec4\u4ef6\n- \u83b7\u53d6\u8def\u7531\u72b6\u6001\n  - props + Route\uff1a\u53ef\u4ee5\u901a\u8fc7 props \u9010\u5c42\u4f20\u9012\n  - withRouter\uff1awithRouter \u662f\u4e00\u4e2a\u9ad8\u9636\u7ec4\u4ef6 HOC \uff0c\u56e0\u4e3a\u9ed8\u8ba4\u53ea\u6709\u88ab Route \u5305\u88f9\u7684\u7ec4\u4ef6\u624d\u80fd\u83b7\u53d6\u5230\u8def\u7531\u72b6\u6001\uff0c\u5982\u679c\u5f53\u524d\u975e\u8def\u7531\u7ec4\u4ef6\u60f3\u8981\u83b7\u53d6\u72b6\u6001\uff0c\u90a3\u4e48\u53ef\u4ee5\u901a\u8fc7 withRouter \u5305\u88f9\u6765\u83b7\u53d6 history\u3001location\u3001match \u4fe1\u606f\n  - useHistory\u3001useLocation\u3001useParams\uff1a\u51fd\u6570\u7ec4\u4ef6\u53ef\u4ee5\u901a\u8fc7\u8fd9\u4e24\u4e2a\u6765\u83b7\u53d6 history\u3001location\u3001params \u5bf9\u8c61\n\n#### \u8def\u7531\u8df3\u8f6c\n\n1. react-router-dom \u5185\u7f6e\u7684 Link\u3001NavLink \u6765\u8df3\u8f6c\n\n   ```javascript\n   // \u8df3\u8f6c\n   <Link to=\"/detail/123\">skip</Link>\n   ```\n\n2. \u901a\u8fc7 history \u5bf9\u8c61\u4e0b\u9762\u7684\u8def\u7531\u8df3\u8f6c\u65b9\u6cd5\n\n- history.push()\n- history.replace() \uff0c\u6e05\u9664\u5386\u53f2\u8bb0\u5f55\n  - \u6b64\u65b9\u5f0f\u8df3\u8f6c\u4f1a\u5220\u9664\u5386\u53f2\u8bb0\u5f55\uff0c\u4e0d\u4f1a\u5411 history \u6dfb\u52a0\u65b0\u8bb0\u5f55\uff0c\u4f7f\u7528\u548c\u4f20\u53c2\u65b9\u5f0f\u548c history.push() \u76f8\u540c\n  - Link \u7ec4\u4ef6\u4e5f\u53ef\u4ee5\u4f7f\u7528 replace \u65b9\u5f0f\uff0c\u53ea\u9700\u8981\u5728 Link \u6807\u7b7e\u4e0a\u6dfb\u52a0 replace \u5c5e\u6027\u5373\u53ef\n- history.go(num) \u8def\u7531\u8df3\u8f6c\uff0c\u524d\u8fdb\u3001\u540e\u9000\n\n  ```javascript\n  // \u8df3\u8f6c\n  import { useHistory } from 'react-router-dom';\n  const history = useHistory();\n  history.push({\n    pathname: '/breeze',\n    search: 'test=123',\n    state: { test: 'test' },\n    query: { id: 456 },\n  });\n  ```\n\n#### \u63a5\u6536\u53c2\u6570\n\n1. \u8def\u7531\u4f20\u53c2\uff1a\u901a\u8fc7 withRouter \u5305\u88f9\u7ec4\u4ef6\uff0c\u5728 props \u4e0a\u62ff\u5230 match \u83b7\u53d6\u5230\uff1b\u6216\u8005\u4f7f\u7528 useParams \u62ff\u5230\u53c2\u6570\n\n   ```javascript\n   // \u7ec4\u4ef6\n   <Route exact path=\"/detail/:id\" component={Detail}></Route>\n\n   // \u8df3\u8f6c\n   <Link to=\"/detail/123\">skip</Link>\n   history.push('/detail/123')\n\n   // \u83b7\u53d6\u53c2\u6570\n   import { withRouter, useParams } from 'react-router-dom';\n   export default withRouter((props) => {\n     const { match } = props; // props\u65b9\u6cd5\n     const params = useParams(); // useParams \u65b9\u6cd5\n     console.log(params);\n     return 123\n   })\n   ```\n\n2. params \u5f62\u5f0f\u4f20\u53c2\uff08\u51fa\u73b0\u5728\u5730\u5740\u680f\uff09\uff1a\u901a\u8fc7 props \u7684 location \u62ff\u5230\uff1b\u6216\u8005\u901a\u8fc7 useLocation\n\n   ```javascript\n   //\u8df3\u8f6c\n   history.push({ pathname: '/detail', search: 'id=123' })\n   <Link to={{ pathname: '/detail', search: 'id=123' }} >skip</Link>\n   <Link to={'/detail?id=123'} >skip</Link>\n\n   // \u83b7\u53d6\u53c2\u6570\n   import { useLocation } from 'react-router-dom'\n   export default withRouter((props) => {\n     const { search } = useLocation()\n     const { location } = props\n     console.log(location.search)\n     return 123\n   })\n   ```\n\n3. state \u5f62\u5f0f\u4f20\u53c2\uff1a\u9875\u9762\u5237\u65b0\u4e0d\u4f1a\u4e22\u5931\u6570\u636e\uff0c\u5e76\u4e14\u5730\u5740\u680f\u4e5f\u770b\u4e0d\u5230\u6570\u636e;\n\n   ```javascript\n   // \u8df3\u8f6c\n   history.push({ pathname: '/detail', state: { test: 'test' } });\n   // \u83b7\u53d6\u53c2\u6570\n   export default withRouter((props) => {\n     const { state } = useLocation();\n     const { location } = props;\n     console.log(location.state);\n     return 123;\n   });\n   ```\n\n4. query \u5f62\u5f0f\u4f20\u53c2\uff1a\u4f20\u53c2\u5730\u5740\u680f\u4e0d\u663e\u793a\uff0c\u5237\u65b0\u5730\u5740\u680f\uff0c\u53c2\u6570\u4e22\u5931;\n\n   ```javascript\n   // \u8df3\u8f6c\n   history.push({ pathname: '/detail', query: { test: 'test' } });\n\n   // \u83b7\u53d6\u53c2\u6570\n   export default withRouter((props) => {\n     const { query } = useLocation();\n     const { location } = props;\n     console.log(location.query);\n     return 123;\n   });\n   ```\n\n### react router v6\n\n#### \u4ecb\u7ecd\n\n- BrowserRouter \u548c HashRouter \u8fd8\u662f\u5728\u6574\u4e2a\u5e94\u7528\u7684\u6700\u9876\u5c42\uff0c\u63d0\u4f9b\u4e86 history \u7b49\u6838\u5fc3\u7684\u5bf9\u8c61\n\n#### Routes\u3001Route\n\n##### Route\n\n- Route \u7684 `component` \u6539\u6210\u4e86 `element`\n- Route `caseSensitive` \u5c5e\u6027 caseSensitive: boolean\uff0c\u7528\u4e8e\u6b63\u5219\u5339\u914d path \u65f6\u662f\u5426\u5f00\u542f ignore \u6a21\u5f0f\uff08\u5339\u914d\u65f6\u662f\u5426\u5ffd\u7565\u5927\u5c0f\u5199\uff09\n- index \u8def\u7531\uff1a\u52a0\u4e86 index \u5c5e\u6027\uff0c\u6709\u591a\u4e2a\u5b50\u8def\u7531\u7684\u60c5\u51b5\u4e0b\uff0c\u9ed8\u8ba4\u6e32\u67d3\u52a0\u4e86 index \u5c5e\u6027\u7684\u8def\u7531\u7ec4\u4ef6\n\n  ```javascript\n  <Routes>\n    <Route path=\"/\" element={<Layout />}>\n      <Route index element={<List />} />\n      <Route path=\"list\" element={<List />} />\n      <Route path=\"detail\" element={<Detail />} />\n    </Route>\n  </Routes>\n  ```\n\n- \u53ea\u652f\u6301\u4e24\u79cd\u52a8\u6001\u5360\u4f4d\u7b26\n\n  ```javascript\n  :id\n  path='article/:id'\n  path='article/:id/detail'\n\n  \u901a\u914d\u7b26\uff0c\u53ea\u80fd\u5728 path \u7684\u672b\u5c3e\u4f7f\u7528\uff0c\u5982 article/*\n  ```\n\n- Route \u4ee3\u7801\u5206\u6790\uff1aRoute \u63d0\u4f9b\u4e09\u79cd props\uff0c\u4e3b\u8981\u4f7f\u7528\u53c2\u6570\u7684\u542b\u4e49\u4e0a\u6587\u5df2\u7ecf\u8bb2\u8fc7\n\n  1. \u8def\u5f84\u8def\u7531\n\n     ```javascript\n     export interface PathRouteProps {\n       caseSensitive?: boolean;\n       // children \u4ee3\u8868\u5b50\u8def\u7531\n       children?: React.ReactNode;\n       element?: React.ReactNode | null;\n       index?: false;\n       path: string;\n     }\n     ```\n\n  2. \u5e03\u5c40\u8def\u7531\n\n  - \u7ec4\u4ef6\u6ca1\u6709 path \u5c5e\u6027\uff0c\u5339\u914d\u5f53\u524d\u5185\u90e8\u7684\u5b50\u8def\u7531\uff0c\u5339\u914d\u5b8c\u5b50\u8def\u7531\u5411\u4e0a\u5bfb\u627e\u7236\u8def\u7531\u63d0\u4f9b\u7684 element \u8fdb\u884c\u6e32\u67d3\n\n    ```javascript\n    export interface LayoutRouteProps {\n      children?: React.ReactNode;\n      element?: React.ReactNode | null;\n    }\n    ```\n\n  - \u53ef\u4ee5\u907f\u514d\u91cd\u590d\u7ec4\u4ef6\u6e32\u67d3\uff0c\u5982\u4e0b\n\n    ```javascript\n      <Route element={<PageLayout />}>\n        <Route path=\"/privacy\" element={<Privacy />} />\n        <Route path=\"/tos\" element={<Tos />} />\n      </Route>\n\n      // \u5426\u5219\u53ef\u80fd\u9700\u8981\u7684\u5199\u6cd5\uff0c\u91cd\u590d\u6e32\u67d3\u4e86 PageLayout \u7ec4\u4ef6\n      <Route\n        path=\"/privacy\"\n        element={\n          <PageLayout>\n            <Privacy />\n          </PageLayout>\n        }\n      />\n      <Route\n        path=\"/tos\"\n        element={\n          <PageLayout>\n            <Tos />\n          </PageLayout>\n        }\n      />\n\n    ```\n\n  3. \u7d22\u5f15\u8def\u7531\uff1aindex \u7684\u4f5c\u7528\n\n     ```javascript\n     export interface IndexRouteProps {\n       element?: React.ReactNode | null;\n       index: true;\n     }\n     ```\n\n##### Routes\n\n- v6 \u53d6\u6d88 Switch\uff08\u53ef\u4ee5\u6839\u636e\u5f53\u524d\u7684\u8def\u7531 path \uff0c\u5339\u914d\u552f\u4e00\u7684 Route \u7ec4\u4ef6\u52a0\u4ee5\u6e32\u67d3\uff09 \u7ec4\u4ef6\uff0c\u53d6\u800c\u4ee3\u4e4b\u7684\u662f\u5728 Route \u7684\u5916\u5c42\u5fc5\u987b\u52a0\u4e0a Routes \u7ec4\u4ef6\uff0c\u5426\u5219\u62a5\u9519\n\n- \u5b50\u8def\u7531\u5d4c\u5957\n\n  ```javascript\n  import { BrowserRouter, Routes , Route , Outlet, Link } from 'react-router\n\n  function App() {\n    return (\n      <BrowserRouter >\n        <Routes>\n          <Route element={<Home />} path=\"/home\" ></Route>\n          <Route element={<Layout />} path=\"/father\" >\n            <Route element={<Child/>} path=\"/father/child\" ></Route>\n          </Route>\n        </Routes>\n      </BrowserRouter>\n    )\n  }\n\n  function Layout() {\n    return (\n      <div>\n        <Link to=\"child\">to child</Link>\n        <Outlet />\n      </div>\n    )\n  }\n\n  ```\n\n- \u5982\u679c\u4e0d\u662f\u76f4\u63a5\u5d4c\u5957\uff0c\u800c\u662f\u5728\u5b50\u7ec4\u4ef6\u4e2d\uff0c\u9700\u8981\u5c3e\u90e8\u52a0\u4e0a `*`\n\n  ```javascript\n  <BrowserRouter>\n    <Routes>\n      <Route path=\"/\" element={<Home />} />\n      <Route path=\"father/*\" element={<Layout />} />\n    </Routes>\n  </BrowserRouter>\n\n  function Layout() {\n    return (\n      <div>\n        <Routes>\n          <Route element={<ChildLayout />}>\n          <Route path=\"child\" element={<Child />} />\n        </Route>\n      </div>\n    );\n  }\n\n  function ChildLayout () {\n    return (\n      <div>\n        <Link to=\"child\">to child</Link>\n        <Outlet />\n      </div>\n    );\n  }\n\n  ```\n\n- \u4ee3\u7801\u5206\u6790\uff1a\n\n  1.  \u5148\u770b\u4e0b props \u53c2\u6570\u4ee5\u53ca Routes \u65b9\u6cd5\n\n      ```javascript\n      export interface RoutesProps {\n        children?: React.ReactNode;\n        // \u7528\u6237\u4f20\u5165\u7684 location \u5bf9\u8c61\uff0c\u4e00\u822c\u4e0d\u4f20\uff0c\u9ed8\u8ba4\u7528\u5f53\u524d\u6d4f\u89c8\u5668\u7684 location\n        location?: Partial<Location> | string;\n      }\n\n      export function Routes({ children, location }: RoutesProps): React.ReactElement | null {\n        // \u6b64\u5904\u8c03\u7528\u4e86 useRoutes \u8fd9\u4e2a hook\uff0c\u5e76\u4e14\u4f7f\u7528\u4e86 createRoutesFromChildren \u5c06 children \u8f6c\u6362\u6210\u4e86 useRoutes \u6240\u9700\u8981\u914d\u7f6e\u7684\u53c2\u6570\u683c\u5f0f\n        return useRoutes(createRoutesFromChildren(children), location);\n      }\n      ```\n\n  2.  createRoutesFromChildren \u65b9\u6cd5\n\n      ```javascript\n      // \u53c2\u6570\uff0c\u548c\u4e0a\u9762\u8def\u5f84\u8def\u7531\u7684\u53c2\u6570\u4e00\u81f4\n      export interface RouteObject {\n        caseSensitive?: boolean;\n        children?: RouteObject[];\n        element?: React.ReactNode;\n        index?: boolean;\n        path?: string;\n      }\n\n      export function createRoutesFromChildren(children: React.ReactNode): RouteObject[] {\n        let routes: RouteObject[] = [];\n\n        // \u5c31\u662f\u9012\u5f52\u904d\u5386 children \u7136\u540e\u683c\u5f0f\u5316\u540e\u63a8\u5165 routes \u6570\u7ec4\u4e2d\n        React.Children.forEach(children, (element) => {\n          // Ignore non-elements.\n          if (!React.isValidElement(element)) {\n            return;\n          }\n\n          // \u7a7a\u8282\u70b9\uff0c\u5ffd\u7565\u6389\u7ee7\u7eed\u5f80\u4e0b\u904d\u5386\n          if (element.type === React.Fragment) {\n            // \u76f8\u5f53\u4e8e routes.push(...createRoutesFromChildren(element.props.children))\n            routes.push.apply(routes, createRoutesFromChildren(element.props.children));\n            return;\n          }\n\n          let route: RouteObject = {\n            caseSensitive: element.props.caseSensitive,\n            element: element.props.element,\n            index: element.props.index,\n            path: element.props.path,\n          };\n\n          // \u9012\u5f52\n          if (element.props.children) {\n            route.children = createRoutesFromChildren(element.props.children);\n          }\n\n          routes.push(route);\n        });\n\n        return routes;\n      }\n      ```\n\n#### useRoutes\n\n- \u901a\u8fc7 useRoutes \u751f\u6210\u5143\u7d20\n\n  ```javascript\n  import { useRoutes } from 'react-router-dom';\n  function App() {\n    const options = [\n      {\n        path: '/',\n        element: <Layout />,\n        children: [\n          {\n            path: 'detail',\n            element: <Detail />,\n          },\n        ],\n      },\n    ];\n\n    const element = useRoutes(options);\n\n    return <div>{element}</div>;\n  }\n  ```\n\n- \u4ee3\u7801\u5206\u6790\n\n  - useRoutes \u4e3a\u6574\u4e2a v6 \u7248\u672c\u7684\u6838\u5fc3\uff1a\u5373\u4f7f\u524d\u9762\u4f7f\u7528\u4e86\u547d\u4ee4\u5f0f\u7684\u914d\u7f6e\u8def\u7531\u65b9\u5f0f\uff0c\u6839\u636e\u4ee3\u7801\u5206\u6790\u4e5f\u662f\u53ef\u4ee5\u770b\u51fa\uff0c\u6700\u7ec8\u4e5f\u662f\u4f7f\u7528\u4e86 useRoutes \u8fdb\u884c\u4e86\u8f6c\u6362\n\n  - useRoutes \u5206\u4e3a\u8def\u7531\u4e0a\u4e0b\u6587\u89e3\u6790\uff08\u7236\u5b50\u8def\u7531\uff09\u3001\u8def\u7531\u5339\u914d\u3001\u8def\u7531\u6e32\u67d3\u4e09\u4e2a\u6b65\u9aa4\n\n    ```javascript\n    function useRoutes(\n      routes: RouteObject[],\n      locationArg?: Partial<Location> | string\n    ): React.ReactElement | null {\n      invariant(\n        // \u5916\u5c42\u9700\u8981 router \u5305\u88f9\uff0c\u5426\u5219\u62a5\u9519\n        useInRouterContext(),\n        // TODO: This error is probably because they somehow have 2 versions of the\n        // router loaded. We can help them understand how to avoid that.\n        `useRoutes() may be used only in the context of a <Router> component.`\n      );\n      let { matches: parentMatches } = React.useContext(RouteContext);\n\n      let routeMatch = parentMatches[parentMatches.length - 1]; // \u6700\u540e\u7684\u4e00\u4e2a route \u5c06\u4f5c\u4e3a\u7236\u8def\u7531\uff0c\u540e\u7eed\u7684 routes \u90fd\u662f\u5176\u5b50\u8def\u7531\n      let parentParams = routeMatch ? routeMatch.params : {}; // \u7236\u8def\u7531\u53c2\u6570\n      // \u7236\u8def\u7531\u5b8c\u6574 pathname\uff0c\u5982\u679c\u8def\u7531\u8bbe\u7f6e /article/*\uff0c\u5f53\u524d\u5bfc\u822a /article/1\uff0c\u90a3\u4e48\u503c\u4e3a /article/1\n      let parentPathname = routeMatch ? routeMatch.pathname : '/';\n      // \u540c\u4e0a\u7c7b\u6bd4\uff0c\u770b base \u547d\u540d\u53ef\u4ee5\u770b\u51fa\u503c\u4e3a /article\n      let parentPathnameBase = routeMatch ? routeMatch.pathnameBase : '/';\n      let parentRoute = routeMatch && routeMatch.route;\n\n      let locationFromContext = useLocation(); // \u83b7\u53d6\u5f53\u524d\u7684 location \u72b6\u6001\n      let location;\n      // \u5224\u65ad\u662f\u5426\u4f20\u5165 locationArg \u53c2\u6570\uff0c\u6ca1\u6709\u7684\u8bdd\u4f7f\u7528\u5f53\u524d\u7684 location\n      if (locationArg) {\n        // \u683c\u5f0f\u5316\u4e3a Path \u5bf9\u8c61\n        let parsedLocationArg =\n          typeof locationArg === 'string' ? parsePath(locationArg) : locationArg;\n        // \u5982\u679c\u4f20\u5165\u4e86 location\uff0c\u5224\u65ad\u662f\u5426\u4e0e\u7236\u7ea7\u8def\u7531\u5339\u914d\uff08\u4f5c\u4e3a\u5b50\u8def\u7531\u5b58\u5728\uff09\n        invariant(\n          parentPathnameBase === '/' || parsedLocationArg.pathname?.startsWith(parentPathnameBase),\n          `When overriding the location using \\`<Routes location>\\` or \\`useRoutes(routes, location)\\`, ` +\n            `the location pathname must begin with the portion of the URL pathname that was ` +\n            `matched by all parent routes. The current pathname base is \"${parentPathnameBase}\" ` +\n            `but pathname \"${parsedLocationArg.pathname}\" was given in the \\`location\\` prop.`\n        );\n\n        location = parsedLocationArg;\n      } else {\n        location = locationFromContext;\n      }\n\n      let pathname = location.pathname || '/';\n      let remainingPathname =\n        parentPathnameBase === '/' ? pathname : pathname.slice(parentPathnameBase.length) || '/';\n\n      // \u901a\u8fc7\u4f20\u5165\u7684 routes \u914d\u7f6e\u9879\u4e0e\u5f53\u524d\u7684\u8def\u5f84\uff0c\u5339\u914d\u5bf9\u5e94\u6e32\u67d3\u7684\u8def\u7531\n      let matches = matchRoutes(routes, { pathname: remainingPathname });\n\n      // \u8c03\u7528_renderMatches\u65b9\u6cd5\uff0c\u8fd4\u56de\u7684\u662f React.Element\uff0c\u6e32\u67d3\u6240\u6709\u7684 matches \u5bf9\u8c61\n      return __renderMatches(\n        matches &&\n          // \u5408\u5e76\u5916\u5c42\u8c03\u7528 useRoutes \u5f97\u5230\u7684\u53c2\u6570\uff0c\u5185\u90e8\u7684 Route \u4f1a\u6709\u5916\u5c42 Route\uff08\u5176\u5b9e\u8fd9\u4e5f\u53eb\u7236 Route\uff09 \u7684\u6240\u6709\u5339\u914d\u5c5e\u6027\u3002\n          matches.map((match) =>\n            Object.assign({}, match, {\n              params: Object.assign({}, parentParams, match.params),\n              // joinPaths \u51fd\u6570\u7528\u4e8e\u5408\u5e76\u5b57\u7b26\u4e32\n              pathname: joinPaths([parentPathnameBase, match.pathname]),\n              pathnameBase:\n                match.pathnameBase === '/'\n                  ? parentPathnameBase\n                  : joinPaths([parentPathnameBase, match.pathnameBase]),\n            })\n          ),\n        // \u5916\u5c42 parentMatches \u90e8\u5206\uff0c\u6700\u540e\u4f1a\u4e00\u8d77\u52a0\u5165\u6700\u7ec8 matches \u53c2\u6570\u4e2d\n        parentMatches\n      );\n    }\n    ```\n\n    1. \u89e3\u6790\u4e0a\u4e0b\u6587\u8c03\u7528 useRoutes \u7684\u5730\u65b9\uff0c\u5982\u679c\u662f\u5b50\u8def\u7531\u8c03\u7528\uff0c\u5408\u5e76\u7236\u8def\u7531\u7684\u5339\u914d\u4fe1\u606f\n    2. \u8def\u7531\u5339\u914d\uff1a\u8c03\u7528 matchRoutes \u8fd4\u56de matches \u6570\u7ec4\n\n       ```javaScript\n       function matchRoutes(\n         routes: RouteObject[],\n         locationArg: Partial<Location> | string, // \u5f53\u524d\u5339\u914d\u5230\u7684 location\n         basename = \"/\"\n       ): RouteMatch[] | null {\n         // \u8f6c\u4e3a path \u5bf9\u8c61\n         let location = typeof locationArg === \"string\" ? parsePath(locationArg) : locationArg; // \u8f6c\u4e3a path \u5bf9\u8c61\n         let pathname = stripBasename(location.pathname || \"/\", basename);\n         if (pathname == null) {\n           return null;\n         }\n         let branches = flattenRoutes(routes); // \u6241\u5e73\u5316 routes \u4e3a\u4e00\u7ef4\u6570\u7ec4\uff0c\u5305\u542b\u5f53\u524d\u8def\u7531\u7684\u6743\u91cd\n         rankRouteBranches(branches); // \u6839\u636e\u6743\u91cd\u6392\u5e8f\n\n         let matches = null;\n         // \u8fd9\u8fb9\u904d\u5386\uff0c\u5224\u65ad\u6761\u4ef6\u5982\u679c\u6ca1\u6709\u5339\u914d\u5230\u5c31\u7ee7\u7eed\uff0c\u5339\u914d\u5230\u5c31\u7ed3\u675f\uff0c\u77e5\u9053\u6240\u6709\u7684\u5168\u90e8\u904d\u5386\u5b8c\n         for (let i = 0; matches == null && i < branches.length; ++i)   {\n           // \u904d\u5386\u6241\u5e73\u5316\u7684 routes\uff0c\u67e5\u770b\u6bcf\u4e2a branch \u7684\u8def\u5f84\u5339\u914d\u89c4\u5219\u662f\u5426\u80fd\u5339\u914d\u5230 pathname\n           matches = matchRouteBranch(branches[i], pathname);\n         }\n         return matches;\n       }\n       ```\n\n    3. \u8def\u7531\u6e32\u67d3\uff1a\\_renderMatches \u65b9\u6cd5\n\n       - \\_renderMatches\n\n         ```javascript\n         function _renderMatches(\n           matches: RouteMatch[] | null,\n           // \u5982\u679c\u5728\u5df2\u6709 match \u7684 route \u5185\u90e8\u8c03\u7528\uff0c\u4f1a\u5408\u5e76\u7236 context \u7684 match\n           parentMatches: RouteMatch[] = []\n         ): React.ReactElement | null {\n           if (matches == null) return null;\n           // \u751f\u6210 outlet \u7ec4\u4ef6\uff0c\u8fd9\u8fb9\u5c31\u662f\u6e32\u67d3 RouteContext.Provider \u7ec4\u4ef6\uff08\u5d4c\u5957\u5173\u7cfb\uff09\n           return matches.reduceRight((outlet, match, index) => {\n             // \u6709 element \u5c31\u6e32\u67d3 element\uff0c\u5982\u679c\u6ca1\u6709\u5219\u9ed8\u8ba4\u662f <Outlet />\uff0c\u7ee7\u7eed\u6e32\u67d3\u5185\u5d4c\u7684 <Route />\n             return (\n              <RouteContext.Provider\n                children={ match.route.element !== undefined ? match.route.element : <Outlet /> }\n                value={{ outlet, matches: parentMatches.concat(matches.slice(0, index + 1)) }}\n              />\n             );\n           // \u6700\u5185\u5c42\u7684 outlet \u4e3a null\uff0c\u4e5f\u5c31\u662f\u6700\u540e\u7684\u5b50\u8def\u7531\n           }, null as React.ReactElement | null);\n         }\n         ```\n\n       - RouteContext\n\n         ```javascript\n         export type Params<Key extends string = string> = {\n           readonly [key in Key]: string | undefined;\n         };\n\n         export interface RouteMatch<ParamKey extends string = string> {\n           // params \u53c2\u6570\uff0c\u6bd4\u5982 :id \u7b49\n           params: Params<ParamKey>;\n           pathname: string;\n           // \u5b50\u8def\u7531\u5339\u914d\u4e4b\u524d\u7684\u8def\u5f84 url\uff0c\u8fd9\u91cc\u53ef\u4ee5\u628a\u5b83\u770b\u505a\u662f\u53ea\u8981\u4ee5 /* \u7ed3\u5c3e\u8def\u5f84\uff08\u8fd9\u662f\u7236\u8def\u7531\u7684\u8def\u5f84\uff09\u4e2d /* \u4e4b\u524d\u7684\u90e8\u5206\n           pathnameBase: string;\n           route: RouteObject;\n         }\n\n         interface RouteContextObject {\n           // \u4e00\u4e2a ReactElement\uff0c\u5185\u90e8\u5305\u542b\u6709\u6240\u6709\u5b50\u8def\u7531\u7ec4\u6210\u7684\u805a\u5408\u7ec4\u4ef6\uff0c\u5176\u5b9e Outlet \u7ec4\u4ef6\u5185\u90e8\u5c31\u662f\u5b83\n           outlet: React.ReactElement | null;\n           // \u4e00\u4e2a\u6210\u529f\u5339\u914d\u5230\u7684\u8def\u7531\u6570\u7ec4\uff0c\u7d22\u5f15\u4ece\u5c0f\u5230\u5927\u5c42\u7ea7\u4f9d\u6b21\u53d8\u6df1\n           matches: RouteMatch[];\n         }\n\n         // \u5305\u542b\u5168\u90e8\u5339\u914d\u5230\u7684\u8def\u7531\uff0c\u5b98\u65b9\u4e0d\u63a8\u8350\u5728\u5916\u76f4\u63a5\u4f7f\u7528\n         const RouteContext = React.createContext<RouteContextObject>({\n           outlet: null,\n           matches: []\n         });\n\n         export {\n           RouteContext as UNSAFE_RouteContext\n         };\n         ```\n\n#### Outlet\n\n- \u4e00\u822c\u4f5c\u4e3a\u7236 Route \u7ec4\u4ef6\u91cc\u7684\u5360\u4f4d\u5143\u7d20\uff0cOutlet \u662f\u7528\u6765\u771f\u6b63\u6e32\u67d3\u5b50\u8def\u7531\u7ec4\u4ef6\n  - \u5b9e\u9645\u4e0a\u5c31\u662f\u5185\u90e8\u6e32\u67d3 RouteContext \u7684 outlet \u5c5e\u6027\n- \u63d0\u4f9b\u4e86\u4e24\u79cd\u65b9\u5f0f\uff1a`useOutlet`\uff0c`<Outlet />`\n\n  ```javascript\n  import { Outlet, useOutlet } from 'react-router';\n  function Child() {\n    const outlet = useOutlet();\n    return (\n      <div>\n        <h1>Dashboard</h1>\n        {outlet}\n        {/* or */}\n        {/* <Outlet /> */}\n      </div>\n    );\n  }\n\n  function Father() {\n    return (\n      <Routes>\n        <Route path=\"/\" element={<Child />}>\n          <Route path=\"detail\" element={<Detail />} />\n          <Route path=\"user\" element={<User />} />\n        </Route>\n      </Routes>\n    );\n  }\n  ```\n\n- \u4ee3\u7801\u5206\u6790\n\n  ```javascript\n  // \u5728 outlet \u4e2d\u4f20\u5165\u7684\u4e0a\u4e0b\u6587\u4fe1\u606f\n  const OutletContext = React.createContext < unknown > null;\n\n  //\u53ef\u4ee5\u5728\u5d4c\u5957\u7684 routes \u4e2d\u4f7f\u7528\uff0c\u8fd9\u91cc\u7684\u4e0a\u4e0b\u6587\u4fe1\u606f\u662f\u7528\u6237\u5728\u4f7f\u7528 <Outlet /> \u6216\u8005 useOutlet \u65f6\u4f20\u5165\u7684\n  export function useOutletContext<Context = unknown>(): Context {\n    return React.useContext(OutletContext) as Context;\n  }\n\n  export function useOutlet(context?: unknown): React.ReactElement | null {\n    let outlet = React.useContext(RouteContext).outlet;\n    // \u53ef\u4ee5\u770b\u5230\uff0c\u5f53 context \u6709\u503c\u65f6\u624d\u4f7f\u7528 OutletContext.Provider\uff0c\u5982\u679c\u6ca1\u6709\u503c\u4f1a\u7ee7\u7eed\u6cbf\u7528\u7236\u8def\u7531\u7684 OutletContext.Provider \u4e2d\u7684\u503c\n    if (outlet) {\n      return (\n        <OutletContext.Provider value={context}>{outlet}</OutletContext.Provider>\n      );\n    }\n    return outlet;\n  }\n\n  export interface OutletProps {\n    // \u53ef\u4ee5\u4f20\u5165\u8981\u63d0\u4f9b\u7ed9 outlet \u5185\u90e8\u5143\u7d20\u7684\u4e0a\u4e0b\u6587\u4fe1\u606f\n    context?: unknown;\n  }\n\n  export function Outlet(props: OutletProps): React.ReactElement | null {\n    return useOutlet(props.context);\n  }\n  ```\n\n  - \u53ef\u4ee5\u770b\u5230 Outlet \u4e0a\u53ef\u4ee5\u4f20\u5165 context \u53c2\u6570\uff0c\u6240\u4ee5\u53ef\u4ee5\u4f20\u503c\n\n    ```javascript\n    import { Outlet, useOutlet, useOutletContext } from 'react-router';\n\n    function Parent() {\n      const [count, setCount] = React.useState(0);\n      // \u4e0b\u9762\u4e24\u79cd\u65b9\u5f0f\u7b49\u540c\n      // const outlet = useOutlet([count, setCount])\n      return <Outlet context={[count, setCount]} />;\n    }\n\n    // \u5728\u5b50\u8def\u7531\u4e2d\u83b7\u53d6\u4f20\u5165\u7684\u4e0a\u4e0b\u6587\u4fe1\u606f\n    function Child() {\n      const [count, setCount] = useOutletContext();\n      const add = () => setCount((c) => c + 1);\n      return <button onClick={add}>{count}</button>;\n    }\n    ```\n\n#### \u8def\u7531\u8df3\u8f6c\n\n##### Link\n\n- \u8def\u5f84\u7684\u5199\u6cd5\u652f\u6301\u76f8\u5bf9\u8def\u5f84\n\n  - \u5728 v5 \u7248\u672c\u4e2d\uff0c\u4f8b\u5982\u7236\u7ec4\u4ef6 `Article` \u4e2d, `<Link to=\"detail\">` \u4f1a\u8df3\u8f6c\u5230 `/detail`\uff0c\u60f3\u8981\u6b63\u5e38\u8df3\u8f6c\u9700\u8981\u5199\u6210 `<Link to=\"/article/detail\">`\n  - v6 \u4e2d\u76f4\u63a5\u5199\u6210 `<Link to=\"detail\">` \u5373\u53ef\u6b63\u5e38\u8df3\u8f6c\n\n- \u5728 v6 \u4e2d\uff0c\u8def\u7531\u8df3\u8f6c\uff0c\u50cf\u5e38\u7528\u7684 cd \u547d\u4ee4\n\n  ```javascript\n\n  \u5f53\u524d\u8def\u7531\u4e3a /dashboard/article \u6216\u8005 /dashboard/article/\n\n  <Link to=\"detail\"> -> /dashboard/article/detail\n  <Link to=\"../detail\"> -> /dashboard/detail\n  <Link to=\"../../detail\"> -> /detail\n  ```\n\n##### useNavigate\n\n- \u65b0\u7248\u672c\u63d0\u4f9b useNavigate\uff08useHistory \u6ca1\u4e86\uff09\n\n  - navigate \u9ed8\u8ba4\u5c31\u662f history.push\n\n    ```javascript\n    import { useNavigate } from 'react-router-dom';\n    const navigate = useNavigate();\n    navigate('/detail?id=1', { state: 'test' }); // \u9ed8\u8ba4\u5c31\u662f history.push()\n    ```\n\n  - naviaget(to, { replace: true }) \u7b49\u540c\u4e8e history.replace\n  - naviaget(number) \u7b49\u540c\u4e8e history.go\n\n    ```javascript\n    navigate(-2); // go 2 pages back\n    navigate(-1); // go back\n    navigate(1); // go forward\n    navigate(2); // go 2 pages forward\n    ```\n\n#### \u83b7\u53d6\u53c2\u6570\u4ee5\u53ca\u72b6\u6001\n\n##### useParams\n\n- \u83b7\u53d6\u52a8\u6001\u8def\u7531\u53c2\u6570\n\n  ```javascript\n  <Route element={<Detail/>} path=\"/detail/:id\"></Route>\n  <button onClick={() => { navigate('/detail/1') } } >\u8df3\u8f6c\u8be6\u60c5\u9875</button>\n  const params = useParams()\n  console.log(params,'params')\n  ```\n\n##### useLocation\n\n- \u83b7\u53d6\u72b6\u6001\uff0c\u6709 hash\u3001key\u3001pathname\u3001search\u3001state\n\n  ```javascript\n  import { useLocation } from 'react-router-dom';\n  let location = useLocation();\n  ```\n\n##### useSearchParams\n\n- \u83b7\u53d6\u53c2\u6570\uff0c\u7b2c\u4e00\u4e2a\u83b7\u53d6\u53c2\u6570\uff0c\u7b2c\u4e8c\u4e2a\u8bbe\u7f6e\u53c2\u6570\n\n  ```javascript\n  import { useSearchParams } from 'react-router-dom';\n  const [getParams, setParam] = useSearchParams();\n  console.log(getParams.get('id'));\n  setParam({ id: '2' });\n  ```\n\n## \u53c2\u8003\n\n- https://reactrouter.com/docs/en/v6 \uff08react router \u6587\u6863\uff09\n\n- https://github.com/remix-run/react-router/tree/main/packages/react-router-dom\n",
    "mtime": "1660962631",
    "original_author": "",
    "original_type": 0,
    "rank_index": 11.68572476,
    "rtime": "1660962631",
    "status": 2,
    "tag_ids": [
      6809640407484334080,
      6809640398105870336,
      6809640357354012672
    ],
    "title": "react router v6 \u4f7f\u7528\u8be6\u89e3\u4ee5\u53ca\u90e8\u5206\u6e90\u7801\u89e3\u6790\uff08\u65b0\u8001\u7248\u672c\u5bf9\u6bd4\uff09",
    "user_id": "1777249910270984",
    "user_index": 9.81180764707855,
    "verify_status": 1,
    "view_count": 376,
    "visible_level": 0
  }