 {
    "article_id": "7133774689490436133",
    "audit_status": 2,
    "brief_content": "\u643a\u624b\u521b\u4f5c\uff0c\u5171\u540c\u6210\u957f\uff01\u8fd9\u662f\u6211\u53c2\u4e0e\u300c\u6398\u91d1\u65e5\u65b0\u8ba1\u5212 \u00b7 8 \u6708\u66f4\u6587\u6311\u6218\u300d\u7684\u7b2c25\u5929\uff0c\u70b9\u51fb\u67e5\u770b\u6d3b\u52a8\u8be6\u60c5 \u8f85\u52a9\u670d\u52a1\u6a21\u5757 (ASM) \u4f7f\u5ba2\u6237\u670d\u52a1\u4eba\u5458\u80fd\u591f\u4f7f\u7528 Spartacus \u5e97\u9762\u63d0\u4f9b\u5b9e\u65f6\u5ba2\u6237\u9500\u552e\u548c\u670d\u52a1\u652f\u6301\u3002 ",
    "category_id": "6809637767543259144",
    "collect_count": 0,
    "comment_count": 0,
    "content": "",
    "cover_image": "https://p1-juejin.byteimg.com/tos-cn-i-k3u1fbpfcp/513699f531124c5bb62b34b69dd25c4c~tplv-k3u1fbpfcp-watermark.image?",
    "ctime": "1660961389",
    "digg_count": 0,
    "display_count": 0,
    "draft_id": "7133774007358193671",
    "hot_index": 7,
    "is_english": 0,
    "is_gfw": 0,
    "is_hot": 0,
    "is_markdown": 1,
    "is_original": 1,
    "link_url": "",
    "mark_content": "\u643a\u624b\u521b\u4f5c\uff0c\u5171\u540c\u6210\u957f\uff01\u8fd9\u662f\u6211\u53c2\u4e0e\u300c\u6398\u91d1\u65e5\u65b0\u8ba1\u5212 \u00b7 8 \u6708\u66f4\u6587\u6311\u6218\u300d\u7684\u7b2c25\u5929\uff0c[\u70b9\u51fb\u67e5\u770b\u6d3b\u52a8\u8be6\u60c5](https://juejin.cn/post/7123120819437322247 \"https://juejin.cn/post/7123120819437322247\")\n\n\u8f85\u52a9\u670d\u52a1\u6a21\u5757 (ASM) \u4f7f\u5ba2\u6237\u670d\u52a1\u4eba\u5458\u80fd\u591f\u4f7f\u7528 Spartacus \u5e97\u9762\u63d0\u4f9b\u5b9e\u65f6\u5ba2\u6237\u9500\u552e\u548c\u670d\u52a1\u652f\u6301\u3002\n\nSpartacus \u4e2d\u7684\u8f85\u52a9\u670d\u52a1\u6a21\u5757\u529f\u80fd\u9700\u8981 SAP Commerce Cloud \u7248\u672c 1905.5 \u6216\u66f4\u9ad8\u7248\u672c\u3002 \u5728 assistedservicewebservices \u7aef\u70b9\u4e2d\u542f\u7528 CORS \u9700\u8981\u6700\u4f4e\u7248\u672c 1905.5\u3002\n\nSpartacus \u4e2d\u7684 ASM \u9700\u8981\u4ee5\u4e0b SAP Commerce Cloud \u6269\u5c55\uff1a\n\n- assistedservicewebservices extension\n- assistedservicestorefront AddOn\n\n\u8981\u5728 Spartacus \u4e2d\u542f\u7528 ASM\uff0c\u9700\u8981\u6267\u884c\u4ee5\u4e0b\u90e8\u5206\u4e2d\u7684\u6b65\u9aa4\uff1a\n\n- \u6388\u4e88 CMS \u6743\u9650\n- \u914d\u7f6e CORS\n\nasagentgroup \u7528\u6237\u7ec4\u9700\u8981\u7279\u5b9a\u6743\u9650\u624d\u80fd\u4ece OCC \u8bfb\u53d6 CMS \u6570\u636e\u3002\n\n\u5982\u679c\u4ece\u5934\u5f00\u59cb\u5e76\u4f7f\u7528 1905.5 \u6216\u66f4\u9ad8\u7248\u672c\u521d\u59cb\u5316 SAP Commerce Cloud \u7cfb\u7edf\uff0c\u5219 asagentgroup \u5c06\u83b7\u5f97\u901a\u8fc7 Spartacus \u548c OCC \u4f7f\u7528 CMS \u6570\u636e\u6240\u9700\u7684\u6743\u9650\u3002 \u65e0\u9700\u91c7\u53d6\u8fdb\u4e00\u6b65\u884c\u52a8\u3002\n\n\u4f46\u662f\uff0c\u5982\u679c\u4ece\u65e9\u4e8e 1905.5 \u7684\u7248\u672c\u5347\u7ea7 SAP Commerce Cloud\uff0c\u5219\u9700\u8981\u901a\u8fc7 ImpEx \u63a7\u5236\u53f0\u5bfc\u5165\u4ee5\u4e0b ImpEx \u6570\u636e\u6765\u6388\u4e88 asagentgroup \u6743\u9650\uff1a\n\n```sql\n# Access rights for asagentgroup\n# - These are needed for rendering (cmsoccaddon).\n\n$START_USERRIGHTS;;;;;;;;;\nType;UID;MemberOfGroups;Password;Target;read;change;create;remove;change_perm\nUserGroup;asagentgroup;;;;;;;;\n\n# general\n;;;;Item;+;;;;;\n;;;;Type;+;;;;;\n\n# access rights for Products, Store, Site and Catalogs\n;;;;Product;+;;;;;\n;;;;Category;+;;;;;\n;;;;VariantType;+;;;;;\n;;;;BaseSite;+;;;;;\n;;;;BaseStore;+;;;;;\n;;;;Catalog;+;;;;;\n;;;;CatalogVersion;+;;;;;\n;;;;ContentCatalog;+;;;;;\n;;;;MediaContainer;+;-;-;-;-;\n;;;;MediaContext;+;-;-;-;-;\n;;;;MediaFormat;+;-;-;-;-;\n;;;;MediaFormatMapping;+;-;-;-;-;\n\n# cms2 items\n;;;;CMSItem;+;-;-;-;-;\n\n$END_USERRIGHTS;;;;;\n```\n\n[\u5916\u94fe\u56fe\u7247\u8f6c\u5b58\u5931\u8d25,\u6e90\u7ad9\u53ef\u80fd\u6709\u9632\u76d7\u94fe\u673a\u5236,\u5efa\u8bae\u5c06\u56fe\u7247\u4fdd\u5b58\u4e0b\u6765\u76f4\u63a5\u4e0a\u4f20(img-o8tEMtYv-1660574832212)(https://upload-images.jianshu.io/upload_images/2085791-f60896638bf390cc.png?imageMogr2/auto-orient/strip%7CimageView2/2/w/1240)]\n\n# Configuring CORS\n\nassistedservicewebservices \u6269\u5c55\u9700\u8981 CORS \u914d\u7f6e\uff0c\u8fd9\u53ef\u4ee5\u901a\u8fc7 SAP Commerce Cloud \u7248\u672c 1905.5 \u6216\u66f4\u9ad8\u7248\u672c\u5b9e\u73b0\u3002 assistedservicewebservices \u7684 CORS \u914d\u7f6e\u5177\u6709\u5728 assistedservicewebservices \u7684 project.properties \u6587\u4ef6\u4e2d\u6307\u5b9a\u7684\u9ed8\u8ba4\u503c\u3002 \u9ed8\u8ba4\u503c\u5982\u4e0b\uff1a\n\n```sql\ncorsfilter.assistedservicewebservices.allowedOrigins=http://localhost:4200 https://localhost:4200\ncorsfilter.assistedservicewebservices.allowedMethods=GET HEAD OPTIONS PATCH PUT POST DELETE\ncorsfilter.assistedservicewebservices.allowedHeaders=origin content-type accept authorization\n```\n\n# Customizing the CORS Configuration\n\n\u901a\u8fc7 local.properties \u6587\u4ef6\u8986\u76d6\u9ed8\u8ba4\u914d\u7f6e\u6765\u81ea\u5b9a\u4e49 CORS \u914d\u7f6e\u3002\n\n\u7531\u4e8e\u914d\u7f6e\u5728 local.properties \u4e2d\u88ab\u8986\u76d6\uff0c\u5982\u679c\u8981\u6dfb\u52a0\u914d\u7f6e\u5143\u7d20\u800c\u4e0d\u4e22\u5931\u9ed8\u8ba4\u503c\uff0c\u5219\u9664\u4e86\u4efb\u4f55\u65b0\u5143\u7d20\u4e4b\u5916\uff0c\u8fd8\u9700\u8981\u6dfb\u52a0\u6240\u6709\u9ed8\u8ba4\u503c\u3002 \u4f8b\u5982\uff0c\u8981\u5728 allowedHeaders \u5217\u8868\u4e2d\u6dfb\u52a0 my-new-header\uff0c\u9664\u4e86\u9ed8\u8ba4\u6807\u5934\u4e4b\u5916\uff0c\u8fd8\u9700\u8981\u5728 local.properties \u6587\u4ef6\u4e2d\u6dfb\u52a0\u4ee5\u4e0b\u5185\u5bb9\uff1a\n\n> corsfilter.assistedservicewebservices.allowedHeaders=origin content-type accept authorization my-new-header.\n\n\u8981\u81ea\u5b9a\u4e49 allowedMethods \u6216 allowedHeaders\uff0c\u5e94\u8be5\u6dfb\u52a0\u5230\u9ed8\u8ba4\u503c\u3002\n\n\u8981\u81ea\u5b9a\u4e49 assistedservicewebservices \u7684 allowedOrigins \u5c5e\u6027\uff0c\u9700\u8981\u4f7f\u7528\u4e0e\u60a8\u7684\u73af\u5883\u76f8\u5173\u7684\u4e3b\u673a\u540d\u8986\u76d6\uff08\u5373\u66ff\u6362\uff09local.properties \u6587\u4ef6\u4e2d\u7684\u9ed8\u8ba4\u503c\u3002 \u4e0b\u9762\u662f\u4e00\u4e2a\u4f8b\u5b50\uff1a\n\n> corsfilter.assistedservicewebservices.allowedOrigins=https://my-new-host:4200\n\n\u4ec5\u51fa\u4e8e\u5f00\u53d1\u76ee\u7684\uff0c\u53ef\u4ee5\u5c06\u503c\u8bbe\u7f6e\u4e3a\u901a\u914d\u7b26 (`*`)\uff0c\u5982\u4ee5\u4e0b\u793a\u4f8b\u6240\u793a\uff1a\n\n> orsfilter.assistedservicewebservices.allowedOrigins=*\n\n\u6ce8\u610f\uff1a\u8fd9\u79cd\u901a\u914d\u7b26\u914d\u7f6e\u5bf9\u4e8e\u5f00\u53d1\u73af\u5883\u5f88\u7075\u6d3b\uff0c\u4f46\u5e76\u4e0d\u5b89\u5168\u3002 \u751f\u4ea7\u4f7f\u7528\u9700\u8981\u66f4\u4e25\u683c\u7684\u914d\u7f6e\u3002\n\n![](https://p3-juejin.byteimg.com/tos-cn-i-k3u1fbpfcp/9aa6e73668154a7584b2828058568501~tplv-k3u1fbpfcp-zoom-1.image)\n",
    "mtime": "1660966311",
    "original_author": "",
    "original_type": 0,
    "rank_index": 1.92624591,
    "rtime": "1660962232",
    "status": 2,
    "tag_ids": [
      6809640407484334080,
      6809640398105870336
    ],
    "title": "SAP \u7535\u5546\u4e91 Spartacus UI \u91cc\u7684 ASM \u6a21\u5757\u542f\u7528\u7684\u524d\u7f6e\u6761\u4ef6",
    "user_id": "624178334538984",
    "user_index": 0.9339911052899,
    "verify_status": 1,
    "view_count": 159,
    "visible_level": 0
  }