 {
    "article_id": "7133543264505823269",
    "audit_status": 2,
    "brief_content": "\u7f51\u9875\u62c9\u8d77\u652f\u4ed8\u7684\u6d41\u7a0b\uff0c\u4ee5\u53ca\u5fae\u4fe1app\u548c\u652f\u4ed8\u5b9d\u62c9\u8d77\u652f\u4ed8\uff0c\u4f7f\u7528sdk\u6216\u8005jsiap\u4ee5\u53cah5\u652f\u4ed8\uff0c\u8fdb\u884c\u652f\u4ed8\u3002",
    "category_id": "6809637767543259144",
    "collect_count": 0,
    "comment_count": 0,
    "content": "",
    "cover_image": "",
    "ctime": "1660907492",
    "digg_count": 0,
    "display_count": 0,
    "draft_id": "7133510546128650247",
    "hot_index": 7,
    "is_english": 0,
    "is_gfw": 0,
    "is_hot": 0,
    "is_markdown": 0,
    "is_original": 1,
    "link_url": "",
    "mark_content": "\u524d\u63d0\uff1a\u524d\u4e24\u5929\u6709\u4e2a\u9700\u6c42\uff0c\u60f3\u8981\u5199\u4e00\u4e2a\u652f\u4ed8\u9875\u9762\uff0c\u6b64\u9875\u9762\u53ef\u4ee5\u5728\u5fae\u4fe1\u73af\u5883\u6253\u5f00\uff0c\u53ef\u4ee5\u5728\u652f\u4ed8\u5b9d\u73af\u5883\u6253\u5f00\uff0c\u53ef\u4ee5\u5728\u6d4f\u89c8\u5668\u73af\u5883\u6253\u5f00\uff0c\u7136\u540e\u8fdb\u884c\u652f\u4ed8\u3002\u4e00\u8138\u61f5\uff0c\u4e8c\u8138\u61f5\uff0c\u4e09\u8138\u61f5\u3002\n\n\u7ecf\u8fc7\u6f2b\u957f\u7684\u67e5\u6587\u6863\u4e4b\u8def\uff0c\u603b\u7ed3\u4e00\u4e0b\u6211\u5f00\u53d1\u7684\u65f6\u5019\u7684\u5751\uff0c\u907f\u514d\u5927\u5bb6\u548c\u6211\u9047\u5230\u4e00\u6837\u7684\u95ee\u9898\u800c\u6d6a\u8d39\u65f6\u95f4\uff0c\u603b\u7ed3\u4e86\u4e00\u4e9b\u70b9\n\n**\u5fae\u4fe1\u73af\u5883\uff1a**\n---------\n\n**\u76f4\u63a5\u4e0a\u6587\u6863\u5148\u770b\u770b\uff1a**[https://pay.weixin.qq.com/wiki/doc/apiv3/index.shtml](https://pay.weixin.qq.com/wiki/doc/apiv3/index.shtml)\n\n\u00a0 \u00a0\u00a0![](https://p9-juejin.byteimg.com/tos-cn-i-k3u1fbpfcp/858c64014f874744a0c9ceaec2c5cacf~tplv-k3u1fbpfcp-watermark.image?)\n\n\u4ece\u4e0a\u9762\u770b\u6709\u597d\u51e0\u79cd\u65b9\u5f0f\u8fd9\u6b21\u54b1\u4eec\u53ea\u8981\u770b**h5\u652f\u4ed8**\u548c**jsAPI\u652f\u4ed8**\n\n**jsapi\u652f\u4ed8\uff08\u5fae\u4fe1app\u5185\u90e8\u6253\u5f00\uff09**\n----------------------\n\n**1\\. \u63a5\u5165\u524d\u7684\u51c6\u5907\u64cd\u4f5c\u8fd8\u662f\u6709\u5fc5\u8981\u786e\u8ba4\u4e00\u4e0b\u7684\uff08\u7279\u522b\u662f[https://pay.weixin.qq.com/wiki/doc/apiv3/index.shtml](https://pay.weixin.qq.com/wiki/doc/apiv3/index.shtml)\u91cc\u9762\u7684\uff1a\u57fa\u7840\u652f\u4ed8-jsiap-\u63a5\u5165\u94b1\u51c6\u5907-5\u914d\u7f6e\u5e94\u7528\uff1a\u8bbe\u7f6e**\u652f\u4ed8\u57df\u540d\u914d\u7f6e**\u4ee5\u53ca\u8bbe\u7f6e\u6388\u6743\u57df\u540d\uff0c\u5f88\u591a\u60c5\u51b5\u90fd\u662f\u5230\u4e86\u6700\u540e\u4e00\u6b65\u4e86\u4e00\u76f4\u652f\u4ed8\u4e0d\u6210\u529f\uff09**\n\n**\u652f\u4ed8\u57df\u540d\u914d\u7f6e\u662f\uff1a\u652f\u4ed8\u7684\u65f6\u5019\u8981\u6709\u6b64\u914d\u7f6e\uff0c\u5426\u5219\u652f\u4ed8\u4e0d\u6210\u529f**\n\n**\u6388\u6743\u57df\u540d\u7684\u914d\u7f6e\u662f\uff1a\u8c03\u7528\u5fae\u4fe1\u652f\u4ed8\u7684\u65f6\u5019\u524d\u63d0\u6761\u4ef6\u662f\u9700\u8981\u6388\u6743\uff0c\u5426\u5219\u6388\u6743\u4e0d\u6210\u529f**\n\n\uff08\u867d\u7136\u4ee5\u4e0a\u4e0d\u662f\u54b1\u4eecweb\u4eba\u5458\u6240\u505a\u7684\u64cd\u4f5c\uff0c\u4f46\u662f\u9700\u8981\u786e\u8ba4\uff0c\u5426\u5219\u540e\u7eed\u4f1a\u5e26\u6765\u4e0d\u5fc5\u8981\u7684\u9ebb\u70e6\uff09\n\n**2\\. \u4ee5\u4e0b\u95ee\u9898\u7ecf\u5e38\u4f1a\u9047\u5230\uff0c\u53ef\u4ee5\u5bf9\u6bd4\u4e00\u4e0b\u8fdb\u884c\u6392\u67e5\uff0c\u662f\u5426\u548c\u81ea\u5df1\u7684\u9519\u8bef\u6709\u7c7b\u4f3c\u7684\u60c5\u51b5**\n\n![](https://p1-juejin.byteimg.com/tos-cn-i-k3u1fbpfcp/2c2646265b6a468289b42b7fe2b30560~tplv-k3u1fbpfcp-watermark.image?)  \n\n**3\\. \u62c9\u8d77\u652f\u4ed8\uff08[https://pay.weixin.qq.com/wiki/doc/api/jsapi.php?chapter=7\\_7&index=6](https://pay.weixin.qq.com/wiki/doc/api/jsapi.php?chapter=7_7&index=6)\uff09\u8fd9\u4e2a\u7684\u524d\u63d0\u662f\u6388\u6743\uff0c\u4e0b\u4e00\u4e2a\u53d9\u8ff0\u7684\u662f\u6388\u6743\u7684\u64cd\u4f5c\uff0c\u6388\u6743\u4e4b\u540e\u5c31\u53ef\u4ee5\u652f\u4ed8\u4e86**\n\n    function onBridgeReady(){\n       WeixinJSBridge.invoke(\n          'getBrandWCPayRequest', {\n             \"appId\":\"wx2421b1c4370ec43b\",     //\u516c\u4f17\u53f7ID\uff0c\u7531\u5546\u6237\u4f20\u5165     \n             \"timeStamp\":\"1395712654\",         //\u65f6\u95f4\u6233\uff0c\u81ea1970\u5e74\u4ee5\u6765\u7684\u79d2\u6570     \n             \"nonceStr\":\"e61463f8efa94090b1f366cccfbbb444\", //\u968f\u673a\u4e32     \n             \"package\":\"prepay_id=u802345jgfjsdfgsdg888\",     \n             \"signType\":\"MD5\",         //\u5fae\u4fe1\u7b7e\u540d\u65b9\u5f0f\uff1a     \n             \"paySign\":\"70EA570631E4BB79628FBCA90534C63FF7FADD89\" //\u5fae\u4fe1\u7b7e\u540d \n          },\n          function(res){\n          if(res.err_msg == \"get_brand_wcpay_request:ok\" ){\n          // \u4f7f\u7528\u4ee5\u4e0a\u65b9\u5f0f\u5224\u65ad\u524d\u7aef\u8fd4\u56de,\u5fae\u4fe1\u56e2\u961f\u90d1\u91cd\u63d0\u793a\uff1a\n                //res.err_msg\u5c06\u5728\u7528\u6237\u652f\u4ed8\u6210\u529f\u540e\u8fd4\u56deok\uff0c\u4f46\u5e76\u4e0d\u4fdd\u8bc1\u5b83\u7edd\u5bf9\u53ef\u9760\u3002\n          } \n       }); \n    }\n    if (typeof WeixinJSBridge == \"undefined\"){\n       if( document.addEventListener ){\n           document.addEventListener('WeixinJSBridgeReady', onBridgeReady, false);\n       }else if (document.attachEvent){\n           document.attachEvent('WeixinJSBridgeReady', onBridgeReady); \n           document.attachEvent('onWeixinJSBridgeReady', onBridgeReady);\n       }\n    }else{\n       onBridgeReady();\n    }\n\n\u6ce8\u610f\uff1aWeixinJSBridge\u5185\u7f6e\u5bf9\u8c61\u5728\u5176\u4ed6\u6d4f\u89c8\u5668\u4e2d\u65e0\u6548\u3002\n\n**3.1 \u8fd9\u91cc\u6709\u4e00\u4e9b\u522b\u7684\u652f\u4ed8\u65f6\u5019\u7684\u62a5\u9519\u4e5f\u662f\u53ef\u4ee5\u5bf9\u6bd4\u4e00\u4e0b\u81ea\u5df1\u7684\u95ee\u9898\u7684[https://pay.weixin.qq.com/wiki/doc/api/jsapi.php?chapter=7\\_9&index=7](https://pay.weixin.qq.com/wiki/doc/api/jsapi.php?chapter=7_9&index=7)**\n\n**3.2 \u5fae\u4fe1\u652f\u4ed8\u7684\u7ed3\u679c\uff08\u53ef\u4ee5\u77e5\u9053\u7684\u4e09\u79cd\u72b6\u6001\uff09**\n\n![](https://p1-juejin.byteimg.com/tos-cn-i-k3u1fbpfcp/edaa706892af4d90842af81698f40798~tplv-k3u1fbpfcp-watermark.image?)  \n\n**4\\. \u6388\u6743\u64cd\u4f5c\uff08\u8fd9\u4e2a\u662f\u4e2a\u91cd\u70b9\uff0c\u9700\u8981\u8ba4\u771f\u770b\u770b\u7684\uff09(****[https://developers.weixin.qq.com/doc/offiaccount/OA\\_Web\\_Apps/Wechat\\_webpage\\_authorization.html](https://developers.weixin.qq.com/doc/offiaccount/OA_Web_Apps/Wechat_webpage_authorization.html)****)**\n\n**4.1\u5f15\u5bfc\u7528\u6237\u6253\u5f00\u6388\u6743\u9875\u9762\uff1a**\n\n    location.href='https://open.weixin.qq.com/connect/oauth2/authorize?appid=APPID&redirect_uri=REDIRECT_URI&response_type=code&scope=SCOPE&state=STATE#wechat_redirect'\n\n**4.2 \u70b9\u51fb\u4e0a\u9762\u7684\u94fe\u63a5\uff0c\u53ea\u8981\u5c06\u81ea\u5df1\u7684\u914d\u7f6e\u4fe1\u606f\u6dfb\u52a0\u5b8c\u6210\uff0c\u5fae\u4fe1\u4f1a\u6839\u636e\u914d\u7f6e\u7684\u91cd\u5b9a\u5411\u7684\u94fe\u63a5\u8df3\u8f6c\u4e00\u4e2a\u65b0\u7684\u9875\u9762\uff08redirect\\_uri\uff09\u5e76\u4e14\u5728\u94fe\u63a5\u540e\u9762\u4f1a\u62fc\u63a5code\u4ee5\u53castate\u53c2\u6570\uff08\u6709\u8fd9\u4e24\u4e2a\u53c2\u6570\uff0c\u8868\u793a\u4f60\u6388\u6743\u6210\u529f\u4e86\uff09**\n\n**h5\u652f\u4ed8\uff08\u6d4f\u89c8\u5668\u6253\u5f00\u5fae\u4fe1\uff0c\u6b64\u65b9\u6cd5\u4e0d\u53ef\u4ee5\u518d\u5fae\u4fe1app\u5185\u90e8\u8fdb\u884c\u4f7f\u7528\uff0c\u65e0\u6548\u64cd\u4f5c\uff09**\n-----------------------------------------\n\n**1\\. \u63a5\u5165\u524d\u7684\u51c6\u5907\u64cd\u4f5c\u8fd8\u662f\u6709\u5fc5\u8981\u786e\u8ba4\u4e00\u4e0b\u7684\uff08****\u7279\u522b\u662f[https://pay.weixin.qq.com/wiki/doc/apiv3/index.shtml](https://pay.weixin.qq.com/wiki/doc/apiv3/index.shtml)\u91cc\u9762\u7684\uff1a\u57fa\u7840\u652f\u4ed8-jsiap-\u63a5\u5165\u94b1\u51c6\u5907-5\u914d\u7f6e\u5e94\u7528\uff1a\u8bbe\u7f6e**\u652f\u4ed8\u57df\u540d\u914d\u7f6e**\u4ee5\u53ca\u8bbe\u7f6e\u6388\u6743\u57df\u540d\uff0c\u5f88\u591a\u60c5\u51b5\u90fd\u662f\u5230\u4e86\u6700\u540e\u4e00\u6b65\u4e86\u4e00\u76f4\u652f\u4ed8\u4e0d\u6210\u529f\uff09**\n\n**\u652f\u4ed8\u57df\u540d\u914d\u7f6e\u662f\uff1a\u652f\u4ed8\u7684\u65f6\u5019\u8981\u6709\u6b64\u914d\u7f6e\uff0c\u5426\u5219\u652f\u4ed8\u4e0d\u6210\u529f**\n\n**2.** [**https://pay.weixin.qq.com/wiki/doc/apiv3/apis/chapter3\\_3\\_4.shtml**](https://pay.weixin.qq.com/wiki/doc/apiv3/apis/chapter3_3_4.shtml)\n\n**h5\u652f\u4ed8\u7684\u6d41\u7a0b\u5bf9\u4e8eweb\u6765\u8bf4\u76f8\u5bf9\u7b80\u5355\u4e00\u70b9\uff0c\u56e0\u4e3a\u90fd\u662f\u670d\u52a1\u7aef\u7684\u4e00\u4e9b\u64cd\u4f5c\uff0cweb\u8fd9\u8fb9\u53ea\u9700\u8981\u63a5\u6536\u540e\u7aef\u8fd4\u56de\u7684\u4e00\u4e2aurl\u5373\u53ef**\n\n![](https://p6-juejin.byteimg.com/tos-cn-i-k3u1fbpfcp/87744afa38e44c829cdb2133c4bb9856~tplv-k3u1fbpfcp-watermark.image?)  \n\n  \n\n  \n\n  \n\n\u652f\u4ed8\u5b9d\u73af\u5883\n-----\n\n\u652f\u4ed8\u5b9d\u652f\u4ed8\u5462\u4e5f\u662f\u6709\u524d\u63d0\u6761\u4ef6\u7684\uff0c\u8fd9\u6b21\u53ea\u9700\u8981**\u914d\u7f6e\u652f\u4ed8\u7684\u57df\u540d\u6743\u9650**\u5c31\u53ef\u4ee5\uff0c\u652f\u4ed8\u5b9d\u6ca1\u6709\u6388\u6743\u7684\u6743\u9650\uff0c\u6240\u4ee5\u8fd9\u4e2a\u4e0d\u7528\u914d\u7f6e\u6388\u6743\u7684\u57df\u540d\n\n  \n\n  \n\n\u652f\u4ed8\u5b9d\u652f\u4ed8\u4f7f\u7528\u7684sdk \uff08\u53ea\u80fd\u652f\u4ed8\u5b9d\u7684app\u5185\u90e8\u4f7f\u7528\uff09\n---------------------------\n\n### \u8fd9\u4e2a\u6709\u56de\u8c03\u7684\u65b9\u6cd5\u00a0\u00a0[https://myjsapi.alipay.com/alipayjsapi/util/pay/tradePay.html](https://myjsapi.alipay.com/alipayjsapi/util/pay/tradePay.html)\n\n    \u652f\u4ed8\u5b9d\u8ba2\u5355\u5b57\u7b26\u4e32\u5524\u8d77\u652f\u4ed8<script src=\"https://gw.alipayobjects.com/as/g/h5-lib/alipayjsapi/3.1.1/alipayjsapi.inc.min.js\"></script>\n    \n    <button id=\"J_btn\" class=\"btn btn-default\">\u652f\u4ed8</button>\n    <script>\n      var btn = document.querySelector('#J_btn');\n      btn.addEventListener('click', function(){\n        ap.tradePay({\n          orderStr: 'timestamp=2016-12-27%2018%3A00%3A00&method=alipay.trade.app.pay&app_id=2014073000007292......'\n        }, function(res){\n          ap.alert(res.resultCode);\n        });\n      });\n    </script>\n\n**\u6ce8\u610f\uff1a\u652f\u4ed8\u5b9d\u56de\u8c03\u7684\u51fd\u6570\u91cc\u9762\u7684\u7c7b\u578b\u662f\u5b57\u7b26\u4e32\u7684**\n\n![](https://p9-juejin.byteimg.com/tos-cn-i-k3u1fbpfcp/2ffb5d25cab94ef7ae105461f6bb6eff~tplv-k3u1fbpfcp-watermark.image?)  \n\n**h5\u652f\u4ed8\uff08\u6b64\u65b9\u6cd5\u6d4f\u89c8\u5668\u548capp\u5185\u90e8\u5747\u53ef\u4ee5\u4f7f\u7528\uff09**\n---------------------------\n\n**\uff08**[**https://opendocs.alipay.com/open/02ivbs?scene=21**](https://opendocs.alipay.com/open/02ivbs?scene=21)**\uff09**\n\n**\u6ca1\u6709\u56de\u8c03\u65b9\u6cd5\uff0c\u65e0\u6cd5\u76d1\u542c\u652f\u4ed8\u5b8c\u6210\u7684\u64cd\u4f5c**\n\n     location.href = `https://openapi.alipay.com/gateway.do?xxxxx`;\n    xxxx\u6307\u7684\u662f\u540e\u7aef\u63a5\u53e3\u4e0b\u5355\u7684\u65f6\u5019\u8fd4\u56de\u7684\u6709\u5173\u963f\u91cc\u652f\u4ed8\u7684\u4e00\u4e9b\u4e3b\u8981\u53c2\u6570\n\n\u94fe\u63a5\u91cc\u9762\u6709\u4f8b\u5b50\n\n![](https://p6-juejin.byteimg.com/tos-cn-i-k3u1fbpfcp/9107541c094445389465c6729d70cdfe~tplv-k3u1fbpfcp-watermark.image?)  \n\n  \n\n  \n\n**\u4ee5\u4e0a\u662f\u6211\u8fdb\u884c\u7684\u603b\u7ed3\uff0c\u5982\u679c\u603b\u7ed3\u7684\u6709\u4ec0\u4e48\u95ee\u9898\uff0c\u53ef\u4ee5\u968f\u65f6\u63d0\u51fa**",
    "mtime": "1660961935",
    "original_author": "",
    "original_type": 0,
    "rank_index": 3.23912282,
    "rtime": "1660961935",
    "status": 2,
    "tag_ids": [
      6809640407484334080,
      6809640398105870336
    ],
    "title": "\u5fae\u4fe1\u652f\u4ed8\u5b9d\u7f51\u9875\u7248\u62c9\u8d77\u652f\u4ed8\u7684\u6d41\u7a0b\u603b\u7ed3",
    "user_id": "1662117313259374",
    "user_index": 6.82516626688477,
    "verify_status": 1,
    "view_count": 157,
    "visible_level": 0
  }