{
    "article_id": "7133554714377420814",
    "audit_status": 2,
    "brief_content": "\u672c\u6587\u5df2\u53c2\u4e0e\u300c\u65b0\u4eba\u521b\u4f5c\u793c\u300d\u6d3b\u52a8\uff0c\u4e00\u8d77\u5f00\u542f\u6398\u91d1\u521b\u4f5c\u4e4b\u8def\u3002# \u4e00\u3001\u524d\u8a00 \u4e0a\u4e00\u7ae0\u66f2\u9e1f\u5168\u6808UI\u81ea\u52a8\u5316\u6559\u5b66(\u516d)\uff1a\u5f00\u59cb\u5b9e\u6218\u5427\uff01\u5b9e\u6218\u73af\u5883\u51c6\u5907\u6211\u4eec\u901a\u8fc7\u4f7f\u7528\u7985\u9053\u771f\u6b63\u7684\u5b9e\u73b0\u4e86\u7b2c\u4e00\u4e2a\u5b9e\u6218\u811a\u672c\uff0c\u6587\u672b\u7684\u7ec3\u4e60\u9898\u5c0f\u4f19\u4f34\u5b9e\u73b0\u4e86\u5417\uff1f\u4e0b",
    "category_id": "6809637769959178254",
    "collect_count": 0,
    "comment_count": 0,
    "content": "",
    "cover_image": "",
    "ctime": "1660910196",
    "digg_count": 1,
    "display_count": 0,
    "draft_id": "7133554562765422623",
    "hot_index": 4,
    "is_english": 0,
    "is_gfw": 0,
    "is_hot": 0,
    "is_markdown": 1,
    "is_original": 1,
    "link_url": "",
    "mark_content": "\u672c\u6587\u5df2\u53c2\u4e0e\u300c\u65b0\u4eba\u521b\u4f5c\u793c\u300d\u6d3b\u52a8\uff0c\u4e00\u8d77\u5f00\u542f\u6398\u91d1\u521b\u4f5c\u4e4b\u8def\u3002# \u4e00\u3001\u524d\u8a00\n\u4e0a\u4e00\u7ae0\u66f2\u9e1f\u5168\u6808UI\u81ea\u52a8\u5316\u6559\u5b66(\u516d)\uff1a\u5f00\u59cb\u5b9e\u6218\u5427\uff01\u5b9e\u6218\u73af\u5883\u51c6\u5907\u6211\u4eec\u901a\u8fc7\u4f7f\u7528\u7985\u9053\u771f\u6b63\u7684\u5b9e\u73b0\u4e86\u7b2c\u4e00\u4e2a\u5b9e\u6218\u811a\u672c\uff0c\u6587\u672b\u7684\u7ec3\u4e60\u9898\u5c0f\u4f19\u4f34\u5b9e\u73b0\u4e86\u5417\uff1f\u4e0b\u9762\u4e3a\u4f60\u516c\u5e03\u7b54\u6848\u3002\n\n]\n---\n# \u4e8c\u3001\u516c\u5e03\u4e0a\u4e00\u7ae0\u7ec3\u4e60\u9898\u7b54\u6848\n\u8bb0\u5f97\u628a\u4f60\u5bf9\u5e94\u8c37\u6b4c\u6d4f\u89c8\u5668\u7248\u672c\u7684`chromedriver`\u653e\u5165\u9879\u76ee\u4e2d:\n\n```python\nimport datetime\nimport random\nimport time\n\n\nfrom selenium import webdriver\nfrom selenium.webdriver.common.by import By\ndriver = webdriver.Chrome()\ndriver.implicitly_wait(2)\ndriver.maximize_window()\n\ndriver.get('http://127.0.0.1/zentao/user-login.html')\ntime.sleep(0.5)\ndriver.find_element(By.XPATH,'//*[@id=\"account\"]').send_keys('admin')\ntime.sleep(0.5)\ndriver.find_element(By.XPATH,'//*[@id=\"loginPanel\"]/div/div[2]/form/table/tbody/tr[2]/td/input').send_keys('\u66ff\u6362\u4e3a\u4f60\u81ea\u5df1\u7684\u5bc6\u7801') #\u8fd9\u91cc\u66ff\u6362\u4e3a\u4f60\u81ea\u5df1\u7684\u5bc6\u7801\ntime.sleep(0.5)\ndriver.find_element(By.XPATH,'//*[@id=\"submit\"]').click()\ntime.sleep(0.5)\ndriver.find_element(By.XPATH,'//*[@id=\"menuMainNav\"]/li[3]/a').click()\ndriver.switch_to.frame('appIframe-product')\ntime.sleep(0.5)\ny=driver.find_elements(By.XPATH,'//a[@class=\"btn btn-primary create-product-btn\"]')\ntime.sleep(0.5)\ndriver.find_element(By.XPATH,'//*[@id=\"mainMenu\"]/div[2]/a[3]').click()\ntime.sleep(0.5)\ndriver.find_element(By.XPATH,'//*[@id=\"name\"]').send_keys('selenium2')\ntime.sleep(0.5)\ndriver.find_element(By.XPATH,'//*[@id=\"code\"]').send_keys('002')\ntime.sleep(0.5)\ndriver.find_element(By.XPATH,'//*[@id=\"submit\"]').click()\n```\n\n---\n\n# \u4e09\u3001\u7b54\u6848\u548c\u4e0d\u8db3\u5206\u6790\n\u4e4b\u524d\u7ec3\u4e60\u9898\u4e3b\u8981\u662f\u5c06\u6574\u4e2a\u6d41\u7a0b\u8fdb\u884c\u4e86\u4e32\u8054\uff0c\u5176\u4e2d\u6709\u4e2a\u7279\u6b8a\u7684\u64cd\u4f5c\u662f\u9700\u8981\u5207\u6362iframe\uff0c\u5176\u4ed6\u5c31\u6ca1\u4ec0\u4e48\u7279\u6b8a\u7684\u5730\u65b9\u4e86\u3002\n\n\u4f46\u5982\u679c\u6309\u7167\u4e0a\u9762\u7684\u4ee3\u7801\u5199\u7684\u8bdd\uff0c\u5b9e\u9645\u4e0a\u662f\u975e\u5e38\u5197\u4f59\u548c\u4f4e\u6548\u7684\u3002\u9996\u5148\uff0c\u4e3a\u4e86\u5b9e\u73b0\u6bcf\u4e2a\u6b65\u9aa4\u90fd\u7b49\u5f850.5\u79d2\u6267\u884c\uff0c\u6211\u4eec\u5728\u6240\u6709\u6b65\u9aa4\u4ee3\u7801\u4e4b\u95f4\u90fd\u52a0\u4e86\u4ee3\u7801`time.sleep(0.5)`\uff0c\u800c\u4e14\u5bf9\u6d4b\u8bd5\u7528\u4f8b\u6ca1\u6709\u5f88\u597d\u7684\u7ba1\u7406\uff0c\u672a\u5bf9\u64cd\u4f5c\u4e8b\u4ef6\u3001\u5143\u7d20\u5730\u5740\u7b49\u8fdb\u884c\u5c01\u88c5\uff0c\u5bfc\u81f4\u53ef\u8bfb\u6027\u4f4e\u3001\u7ef4\u62a4\u6027\u4f4e\u7b49\u3002\n\u6240\u4ee5\u5199\u51fa\u81ea\u52a8\u5316\u811a\u672c\u5f88\u7b80\u5355\uff0c\u4f46\u8fd9\u5e76\u4e0d\u4ee3\u8868\u4f60\u638c\u63e1\u4e86\u81ea\u52a8\u5316\uff0c\u80fd\u591f\u80dc\u4efb\u4e00\u4efd\u81ea\u52a8\u5316\u6d4b\u8bd5\u7684\u5de5\u4f5c\u3002\u4e5f\u6b63\u56e0\u5982\u6b64\uff0c\u6211\u4eec\u9700\u8981\u642d\u5efa\u81ea\u52a8\u5316\u6d4b\u8bd5\u6846\u67b6\uff0c\u5c06\u6570\u636e\u548c\u4ee3\u7801\u64cd\u4f5c\u8fdb\u884c\u5206\u79bb\uff0c\u5c01\u88c5\u6709\u7528\u7684\u516c\u5171\u65b9\u6cd5\u6765\u63d0\u9ad8\u6211\u4eec\u7684\u6548\u7387\u3002\n\n\u4e0b\u9762\u6211\u4eec\u7ed3\u5408pytest\u5bf9\u6211\u4eec\u7684\u4ee3\u7801\u8fdb\u884c\u4e00\u4e9b\u4f18\u5316\uff0c\u8ba9\u81ea\u52a8\u5316\u6846\u67b6\u521d\u5177\u6a21\u578b\u3002\n\n---\n# \u56db\u3001Pytest\u7b80\u5355\u4ecb\u7ecd\u548c\u6ce8\u610f\u4e8b\u9879\n\npytest\u662f\u4e00\u4e2a\u975e\u5e38\u6210\u719f\u7684\u5168\u529f\u80fd\u7684Python\u6d4b\u8bd5\u6846\u67b6\uff0c\u529f\u80fd\u5f88\u5168\uff0c\u5f88\u7075\u6d3b\uff0c\u80fd\u591f\u4e0e\u5f88\u591a\u7b2c\u4e09\u65b9\u63d2\u4ef6\u8fdb\u884c\u7ed3\u5408\uff0c\u6bd4\u5982\uff1apytest-html\uff08\u5b8c\u7f8ehtml\u6d4b\u8bd5\u62a5\u544a\u751f\u6210\uff09\u3001pytest-rerunfailures\uff08\u5931\u8d25case\u91cd\u590d\u6267\u884c\uff09\u3001pytest-xdist\uff08\u591aCPU\u5206\u53d1\uff09\u7b49\uff1b\u8fd8\u53ef\u4ee5\u8ddf\u7c7b\u4f3cJenkins\u7684CI\u5de5\u5177\u8fdb\u884c\u7ed3\u5408\u3002\n\n\u5c0f\u4f19\u4f34\u53ef\u80fd\u5728\u7f51\u4e0a\u53d1\u73b0\u5f88\u591a\u6559\u7a0b\u7684\u81ea\u52a8\u5316\u662f\u4e0b\u9762\u8fd9\u6837\u5199\u7684\uff0c\u4e00\u6761\u7528\u4f8b\u5c31\u8981\u5199\u4e00\u4e2a\u51fd\u6570\u65b9\u6cd5\uff1a\n![\u5728\u8fd9\u91cc\u63d2\u5165\u56fe\u7247\u63cf\u8ff0](https://p3-juejin.byteimg.com/tos-cn-i-k3u1fbpfcp/68c7f72bcb0241d7b41eea4c59aa77cc~tplv-k3u1fbpfcp-zoom-1.image)\n\n---\n**\u8fd9\u91cc\u6781\u5176\u4e0d\u63a8\u8350\u8fd9\u6837\u505a\u7684\uff01\u7b49\u4e8e\u6bcf\u6b21\u5199\u7528\u4f8b\u8fd8\u8981\u5199\u4ee3\u7801\uff0c\u8fd9\u662f\u4e25\u91cd\u7684\u4f4e\u6548\u7387\u548c\u4f4e\u7ef4\u62a4\u7684\u884c\u4e3a\uff0c\u4e0d\u53ef\u53d6\uff01**\n\n---\n\n# \u4e94\u3001\u642d\u5efa\u81ea\u52a8\u5316\u6d4b\u8bd5\u6846\u67b6\n## 1. \u5b89\u88c5pytest\ncmd\u6267\u884c\u5982\u4e0b\u547d\u4ee4\uff1a\n\n`pip install pytest -i https://pypi.tuna.tsinghua.edu.cn/simple some-package`\n\n---\n## 2. \u6846\u67b6\u601d\u8def\u5206\u6790\n\u6211\u4eec\u7406\u60f3\u7684\u6548\u679c\u662f\u6d4b\u8bd5\u7528\u4f8b\u8ddf\u4ee3\u7801\u8fdb\u884c\u5206\u79bb\uff0c\u4e5f\u5c31\u662f\u8bf4\u5f53\u6211\u4eec\u7f16\u5199\u6d4b\u8bd5\u7528\u4f8b\u7684\u65f6\u5019\uff0c\u4e0d\u9700\u8981\u53bb\u6539\u52a8\u54ea\u6015\u4e00\u884c\u4ee3\u7801\u3002\n\n### 1\uff09\u6570\u636e\u5c42\u9762\n\u6211\u4eec\u5148\u6765\u5206\u6790\u6570\u636e\u5c42\u9762\uff0c\u5bf9\u4e8eSelenium\u7684\u64cd\u4f5c\uff0c\u65e0\u8bba\u662f\u70b9\u51fb\u3001\u8fd8\u662f\u8f93\u5165\u3001\u8fd8\u662f\u5f3a\u5236\u7b49\u5f85\u7b49\u6700\u591a\u9700\u8981\u56db\u6837\u53c2\u6570\uff1a\n1. \u5143\u7d20\u5730\u5740\uff1b\n2. \u5b9a\u4f4d\u65b9\u5f0f\uff1b\n3. \u64cd\u4f5c\u65b9\u5f0f\uff08\u70b9\u51fb/\u8f93\u5165\u5185\u5bb9/\u5f3a\u5236\u7b49\u5f85/\u8bbf\u95ee\u7f51\u5740 \u7b49\uff09\uff1b\n4. \u64cd\u4f5c\u7684\u503c\uff08\u90e8\u5206\u64cd\u4f5c\u6709\uff0c\u4f8b\u5982\uff1a\u8f93\u5165\u5185\u5bb9\u3001\u5f3a\u5236\u7b49\u5f85\u64cd\u4f5c\u9700\u8981\u3001\u70b9\u51fb\u64cd\u4f5c\u4e0d\u9700\u8981\uff09\uff1b\n\n---\n\u73b0\u5728\u6211\u4eec\u6765\u7528Excel\u5b9e\u9645\u7684\u5199\u4e00\u4e2a\u6d4b\u8bd5\u7528\u4f8b\u3010\u7528\u6237\u6253\u5f00\u7985\u9053\u5e76\u8f93\u5165\u6b63\u786e\u7684\u5e10\u53f7\u5bc6\u7801\u8fdb\u884c\u767b\u5f55\u3011\uff1a\n![\u5728\u8fd9\u91cc\u63d2\u5165\u56fe\u7247\u63cf\u8ff0](https://p3-juejin.byteimg.com/tos-cn-i-k3u1fbpfcp/2e0f7d568403456d90b8db51df7d14a9~tplv-k3u1fbpfcp-zoom-1.image)\n\n\n---\n\n\u6e05\u6670\u660e\u4e86\u7684\u77e5\u9053\u4e86\u6bcf\u6b65\u64cd\u4f5c\u9700\u8981\u5e72\u561b\u53ca\u4f7f\u7528\u4e86\u4ec0\u4e48\u6837\u7684\u53c2\u6570\u3002\n\n---\n\n### 2\uff09\u4ee3\u7801\u5c42\u9762\n\u7528\u4f8b\u5199\u597d\u4e86\uff0c\u8be5\u8003\u8651\u5982\u4f55\u5199\u4ee3\u7801\u4e86\u3002\u6211\u4eec\u9700\u8981\u5199\u4e2a\u65b9\u6cd5\u6765\u9002\u914d\u4e0a\u8ff0\u7528\u4f8b\u7684\u6267\u884c\uff0c\u9700\u8981\u7684\u529f\u80fd\u70b9\uff1a\n1. \u80fd\u6839\u636e\u586b\u5199\u7684\u64cd\u4f5c\u65b9\u5f0f\u9009\u62e9\u6b63\u786e\u7684selenium\u7684\u6267\u884c\u65b9\u6cd5\uff0c\u4f8b\u5982\u4e0a\u8ff0\u7528\u4f8b\u4e2d\u64cd\u4f5c\u65b9\u5f0f\u4e3aget\uff0c\u90a3\u8be5\u65b9\u6cd5\u4f1a\u6267\u884c`driver.get`\u65b9\u6cd5\u5e76\u5c06\u3010\u64cd\u4f5c\u7684\u503c\u3011\u4e2d\u7684\u6570\u636e\u4f5c\u4e3a\u7f51\u5740\u8fdb\u884c\u6267\u884c\uff1b\n2. \u80fd\u591f\u6839\u636e\u7528\u4f8b\u3010\u5b9a\u4f4d\u65b9\u5f0f\u3011\u7684\u5185\u5bb9\u9009\u62e9\u6b63\u786e\u7684\u5b9a\u4f4d\u65b9\u5f0f\u8fdb\u884c\u6267\u884c\uff1b\n3. \u5143\u7d20\u5730\u5740\u80fd\u591f\u6b63\u786e\u7684\u586b\u5199\uff1b\n4. \u64cd\u4f5c\u7684\u503c\u4e5f\u662f\u540c\u7406\uff1b\n\n---\n\n\u6839\u636e\u4e0a\u8ff0\u8981\u6c42\u5199\u4e86\u5982\u4e0b\u7684\u4ee3\u7801\uff0c\u5148\u770b\u76ee\u5f55\u7ed3\u6784\uff1a\n![\u5728\u8fd9\u91cc\u63d2\u5165\u56fe\u7247\u63cf\u8ff0](https://p3-juejin.byteimg.com/tos-cn-i-k3u1fbpfcp/2957f473a4524936a641f1c5dc774df0~tplv-k3u1fbpfcp-zoom-1.image)\n\n---\n**\u518d\u770b\u5177\u4f53\u4ee3\u7801**\n\n1\uff09`main.py`\uff1a\n\n```python\nimport pytest\n# \u6267\u884c\u6d4b\u8bd5\u7528\u4f8b\npytest.main(['test_case.py'])\n```\n2\uff09`comDef.py`\uff1a\n\n```python\nfrom openpyxl import load_workbook\n\n\ndef load_excel(file):\n    \"\"\"\n    \u7528\u4e8e\u8bfb\u53d6\u6d4b\u8bd5\u7528\u4f8b\u6240\u5728\u7684\u8868\u683c\n    \"\"\"\n    _data = load_workbook(file)\n    _value = _data.active\n    return _value\n\n\ndef parse_case(file):\n    \"\"\"\n    \u7528\u4e8e\u5c06excel\u4e2d\u7684\u6d4b\u8bd5\u7528\u4f8b\u8f6c\u4e3apytest\u53ef\u8bc6\u522b\u7684\u6d4b\u8bd5\u7528\u4f8b\n    \"\"\"\n    excel_value = load_excel(file)\n    _cases = []\n    for i in range(2, excel_value.max_row + 1):\n        _cases.append({'path': excel_value['B' + str(i)].value, 'location_method': excel_value['C' + str(i)].value,\n                       'action': excel_value['D' + str(i)].value, 'value': excel_value['E' + str(i)].value})\n    return _cases\n\n```\n\n---\n3\uff09`test_case.py`\uff1a\n\n```python\nimport pytest\nimport time\nfrom selenium.webdriver.common.by import By\nfrom selenium import webdriver\nfrom comDef import parse_case\n\n# \u521d\u59cb\u5316driver\ndriver = webdriver.Chrome()\ndriver.implicitly_wait(2)\ndriver.maximize_window()\n\n\n@pytest.mark.parametrize(\"data\", parse_case('\u81ea\u52a8\u5316\u6d4b\u8bd5\u7528\u4f8b.xlsx'))\ndef test_run_case(data):\n    path, location_method = data.get('path'), data.get('location_method')\n    action, value = data.get('action'), data.get('value')\n    if path:\n        if location_method:\n            _driver = driver.find_element(getattr(By, location_method), path)\n            if action == 'click':\n                _driver.click()\n            elif action == 'send_keys' and value:\n                _driver.send_keys(value)\n    elif value:\n        if action == 'sleep':\n            time.sleep(float(value))\n        elif action == 'get':\n            driver.get(value)\n    else:\n        return False\n```\n\n---\n\n### 3\uff09\u6267\u884c\u6548\u679c\n\n---\n![\u5728\u8fd9\u91cc\u63d2\u5165\u56fe\u7247\u63cf\u8ff0](https://p3-juejin.byteimg.com/tos-cn-i-k3u1fbpfcp/1e47b7e533384dbb97aecfa275d7d660~tplv-k3u1fbpfcp-zoom-1.image)\n\n---\n\n# \u516d\u3001\u603b\u7ed3\n\u4e0a\u9762\u7684\u4ee3\u7801\u770b\u4e0d\u61c2\u4e0d\u8981\u7d27\uff0c\u540e\u9762\u4f1a\u8fdb\u884c\u8bb2\u89e3\u3002\uff08\u5b8c\u6574\u4ee3\u7801\u83b7\u53d6\u53ef\u4ee5\u5173\u6ce8\u6587\u672b\u4e0b\u65b9\u7684\u516c\u4f17\u53f7\u56de\u590d\uff1a\u9879\u76ee\u4ee3\u7801\uff0c\u8fdb\u884c\u83b7\u53d6\uff09\u73b0\u5728\u6211\u4eec\u5df2\u7ecf\u5b9e\u73b0\u4e86\u4e00\u4e2a\u81ea\u52a8\u5316\u6d4b\u8bd5\u6846\u67b6\u96cf\u5f62\uff0c\u8fbe\u5230\u4e86\u6570\u636e\u548c\u4ee3\u7801\u7684\u5206\u79bb\uff0c\u7528\u6237\u53ea\u9700\u8981\u586b\u5199excel\u5c31\u80fd\u591f\u8fbe\u5230\u6267\u884c\u81ea\u52a8\u5316\u6d4b\u8bd5\u7684\u6548\u679c\u3002\n\n\u4f46\u521a\u521a\u4e5f\u8bf4\u4e86\uff0c\u8fd9\u4e2a\u6846\u67b6\u53ea\u662f\u4e2a\u96cf\u5f62\uff0c\u5f88\u591a\u529f\u80fd\u8fd8\u8fd8\u9700\u589e\u52a0\uff0c\u6bd4\u5982\uff1a\n1. \u66f4\u591a\u64cd\u4f5c\u7684\u5c01\u88c5\uff08\u5207\u6362iframe\uff0c\u5207\u6362\u7a97\u53e3\uff0c\u6eda\u52a8\u3001\u83b7\u53d6\u6587\u672c\u7b49\uff09\uff1b\n2. \u6bcf\u6b65\u6267\u884c\u6210\u529f\u5931\u8d25\u7684\u6821\u9a8c\u548c\u7ed3\u679c\u5b58\u50a8\uff1b\n3. \u5143\u7d20\u5730\u5740\u7684\u7ba1\u7406\uff1b\n4. \u6d4b\u8bd5\u62a5\u544a\u7684\u751f\u6210\uff1b\n5. \u57fa\u4e8e\u6b65\u9aa4\u7684\u65ad\u70b9\u8c03\u8bd5\uff1b\n6. \u7528\u4f8b\u5931\u8d25\u91cd\u8bd5\uff1b\n\n\u5c0f\u4f19\u4f34\u53ef\u4ee5\u5148\u6309\u81ea\u5df1\u7684\u7406\u89e3\u8fdb\u884c\u4e0a\u8ff0\u529f\u80fd\u7684\u5b9e\u73b0\uff0c\u540e\u7eed\u6211\u4e5f\u4f1a\u7ee7\u7eed\u8fdb\u884c\u5206\u4eab\uff01\n",
    "mtime": "1660966912",
    "original_author": "",
    "original_type": 0,
    "rank_index": 5.58306484,
    "rtime": "1660966912",
    "status": 2,
    "tag_ids": [
      6809640408797167616,
      6809640448827588608,
      6809640427465998336
    ],
    "title": "\u66f2\u9e1f\u5168\u6808UI\u81ea\u52a8\u5316\u6559\u5b66(\u4e03)\uff1a\u4f7f\u7528Pytest\u6765\u642d\u5efa\u81ea\u52a8\u5316\u6d4b\u8bd5\u6846\u67b6",
    "user_id": "3017489401778999",
    "user_index": 6.88386016946279,
    "verify_status": 1,
    "view_count": 79,
    "visible_level": 0
  }